id,name,locality,address,phone,site,type,classified,regNum,regName,regStatus,inn,ogrn,web,dupCount,removeKind,removeReason,canonicalId
38,Aura,Каспийск,"Республика Дагестан, Каспийск, улица Каспийское шоссе, 1А",,,Гостиница,да,С052025012503,"Отель"" Аура""",Действует,055401487167,324050000067734,none,1,duplicate,Дубль объекта «Aura Каспийск» (исх. № 40),40
47,Azure House 1,Каякентский район,"Республика Дагестан, Каякентский район, село Новокаякент, Приморская улица",+7 (967) 939-11-11,,"База, дом отдыха",нет,,,,,,none,1,duplicate,Дубль объекта «Azure House» (исх. № 46),46
63,Boston,Избербаш,"Республика Дагестан, Избербаш, Приморская улица",+7 (928) 515-63-17,,"База, дом отдыха",нет,,,,,,none,1,duplicate,Дубль объекта «Домик у Моря Boston» (исх. № 1233),1233
66,Bulvar Guest House,Дербент,"Республика Дагестан, Дербент, улица Х. Тагиева, 7",+7 (928) 985-98-24,,"Гостевой дом, Гостиница",нет,,,,,,none,1,duplicate,Дубль объекта «Бульвар» (исх. № 612),612
68,Butik Hotel Karlos,Махачкала,"Республика Дагестан, Махачкала, Межевая улица, 11",,,Гостиница,нет,,,,,,none,1,duplicate,Дубль объекта «Бутик-отель Карлос» (исх. № 616),616
74,Casa Mare,Карабудахкентский район,"Республика Дагестан, Карабудахкентский район, Турали 7-е",+7 (988) 200-03-82,,Гостевой дом,нет,,,,,,none,1,duplicate,Дубль объекта «Casa Mare» (исх. № 73),73
82,Cherdak,Махачкала,"Республика Дагестан, Махачкала, улица Ушакова, 6",,,Гостиница,да,С052024001981,Хостел «Аниш/Чердак»,Действует,056209237526,306056127500013,none,1,duplicate,Дубль объекта «Чердак» (исх. № 2051),2051
86,Classic,Махачкала,"Республика Дагестан, Махачкала, Федеральное шоссе, 71",+7 (928) 984-00-74,https://classic-federalnoe-shosse.clients.site/,Гостиница,нет,,,,,,live,1,duplicate,Дубль объекта «Гостевой дом-сруб на берегу Каспийского моря» (исх. № 931),931
92,Cozy House,Каспийск,"Республика Дагестан, Каспийск, улица Магомедали Магомеджановa, 31",+7 (989) 455-99-92,https://rivieracaspian.ru/,Гостиница,нет,С052025014445,"Гостиница ""Ривьера Каспия""",Прекращен,050604317940,323057100025151,live,1,duplicate,Дубль объекта «Aura Каспийск» (исх. № 40),40
94,D. House,Ахты,"Республика Дагестан, село Ахты, улица Юсуфа Герейханова",+7 (921) 716-76-66,,Глэмпинг,нет,,,,,,none,1,duplicate,Дубль объекта «Гостевой Домик» (исх. № 932),932
128,Fairy home,Избербаш,"Республика Дагестан, Избербаш, Индустриальная улица, 41",+7 (989) 890-87-55,,"База, дом отдыха",нет,,,,,,none,1,duplicate,Дубль объекта «Fairy home» (исх. № 127),127
132,Family Club,Карабудахкентский район,"Республика Дагестан, Карабудахкентский район, сельское поселение Зеленоморск, село Зеленоморск",,,Гостиница,нет,,,,,,none,1,duplicate,Дубль объекта «Family Club» (исх. № 131),131
134,Family House,Карабудахкентский район,"Республика Дагестан, Карабудахкентский район, хутор Турали 4-е, 6-я линия","+7 (928) 554-67-77, +7 (928) 554-44-10",,Гостевой дом,нет,,,,,,none,1,duplicate,Дубль объекта «Family_house» (исх. № 137),137
149,Godekan,Хунзах,"Республика Дагестан, село Хунзах",,,Гостиница,нет,,,,,,none,1,duplicate,Дубль объекта «Godekan» (исх. № 148),148
183,Holidayhoms,Избербаш,"Республика Дагестан, Избербаш, Приморская улица",+7 (929) 889-56-07,,"База, дом отдыха",нет,,,,,,none,1,duplicate,Дубль объекта «Holidayhoms» (исх. № 182),182
186,Holidays_domaumorya,Избербаш,"Республика Дагестан, Избербаш, улица Рыбникова, 1",+7 (928) 684-59-99,https://holidays-domaumorya.clients.site/,Гостевой дом,да,С052026026825,Holidays,Действует,054800227708,,live,1,duplicate,Дубль объекта «Holidays» (исх. № 185),185
203,Hotel Praga,Дербент,"Республика Дагестан, Дербент, улица Мусы Манарова, 1",,,Гостиница,да,С052026028703,Гостевой дом Прага,Действует,054201490107,326050000119795,none,1,duplicate,Дубль объекта «Прага» (исх. № 1681),1681
222,Karaman. house,Махачкала,"Республика Дагестан, Махачкала, микрорайон Караман-4, А9",+7 (926) 373-65-64,,Гостиница,нет,,,,,,none,1,duplicate,Дубль объекта «Караман» (исх. № 1371),1371
225,Klass,Махачкала,"Республика Дагестан, городской округ Махачкала, микрорайон Караман-7, 41",+7 (967) 395-77-99,,Гостиница,нет,С052024002486,"Городская гостиница ""Класс"" ИП Измагилова Л.Ф.",Прекращен,024002987093,318057100060462,none,1,duplicate,Дубль объекта «Класс» (исх. № 1409),1409
230,La Kumsal,Махачкала,"Республика Дагестан, городской округ Махачкала, микрорайон Караман-7, улица Шейхмагомедова, 92",+7 (926) 866-91-91,,Гостиница,нет,,,,,,none,1,duplicate,Дубль объекта «Life» (исх. № 236),236
286,Paradise,Каякентский район,"Республика Дагестан, Каякентский район, сельсовет Новокаякентский",,,"База, дом отдыха",нет,,,,,,none,1,duplicate,Дубль объекта «Paradise» (исх. № 287),287
291,Place,Каякентский район,"Республика Дагестан, Каякентский район, Береговая улица",+7 (909) 480-69-90,,Гостевой дом,нет,,,,,,none,1,duplicate,Дубль объекта «Place» (исх. № 290),290
300,Pullman DM,Гунибский район,"Республика Дагестан, Гунибский район, сельсовет Чохский","+7 (928) 975-80-80, +7 (928) 512-70-70",,Гостиница,нет,,,,,,none,1,duplicate,Дубль объекта «Pullman D M» (исх. № 299),299
323,Ru Hotel Makhachkala Apart Hotel,Махачкала,"Республика Дагестан, Махачкала, улица Братьев Нурбагандовых, 43А, подъезд 1",+7 (926) 866-91-91,https://ru-hotel-makhachkala-apart-hotel.wintega.com/,"Гостиница, Апартаменты",нет,,,,,,live,1,duplicate,Дубль объекта «Life» (исх. № 236),236
339,Sea house,Избербаш,"Республика Дагестан, Избербаш, улица Тургенева, 72",+7 (925) 777-39-61,,Гостиница,нет,,,,,,none,1,duplicate,Дубль объекта «Дом у моря» (исх. № 1159),1159
340,Sea House,Карабудахкентский район,"Республика Дагестан, Карабудахкентский район, Турали 7-е, 5-я линия, 2","+7 (928) 554-44-10, +7 (928) 554-67-77",,Гостевой дом,нет,,,,,,none,1,duplicate,Дубль объекта «Family_house» (исх. № 137),137
346,Sea_villa,Избербаш,"Республика Дагестан, Избербаш, Приморская улица","+7 (963) 400-04-09, +7 (903) 300-00-12",,Гостиница,нет,,,,,,none,1,duplicate,Дубль объекта «Дом у моря» (исх. № 1159),1159
358,Sofia,Махачкала,"Республика Дагестан, Махачкала, улица Каримова, 19",+7 (926) 866-91-91,,Гостиница,нет,,,,,,none,1,duplicate,Дубль объекта «Life» (исх. № 236),236
376,Sunny House,Карабудахкентский район,"Республика Дагестан, Карабудахкентский район, кутан Турали 5-е",+7 (928) 719-13-84,,Гостевой дом,нет,,,,,,none,1,duplicate,Дубль объекта «Sea House» (исх. № 341),341
380,Sunrise,Каякентский район,"Республика Дагестан, Каякентский район, сельсовет Новокаякентский, село Инчхе, Морская улица, 61","+7 (964) 000-05-64, +7 (928) 496-95-36, +7 (960) 415-93-43",,Гостиница,нет,,,,,,none,1,duplicate,Дубль объекта «Sunrise» (исх. № 381),381
394,Townhouse в горах,Гергебильский район,"Республика Дагестан, Гергебильский район",+7 (967) 938-98-50,,Турбаза,нет,,,,,,none,1,duplicate,Дубль объекта «Адамант» (исх. № 447),447
396,Tuki-tour,Дагестан,"Республика Дагестан, посёлок городского типа Бавтугай",+7 (928) 866-63-67,,Гостиница,нет,,,,,,none,1,duplicate,Дубль объекта «Гостиница Бавтугай» (исх. № 1018),1018
406,Victoria Resort&spa,Карабудахкентский район,"Республика Дагестан, Карабудахкентский район, сельское поселение Манаскент, село Манаскент",,,Гостиница,да,С052024008437,Курортный отель «Victoria Hotel&Spa»,Действует,0571012890,1180571007231,none,1,duplicate,Дубль объекта «Виктория» (исх. № 645),645
414,Villa Sarir,Махачкала,"Республика Дагестан, городской округ Махачкала, микрорайон Караман-7, 5",+7 (988) 457-77-77,https://villa-sarir.ru/,Гостиница,нет,,,,,,live,1,duplicate,Дубль объекта «Sarir» (исх. № 334),334
446,Адаб,Дагестан,"Республика Дагестан, 82К-010",+7 (988) 266-74-10,,Гостиница,нет,,,,,,none,1,duplicate,Дубль объекта «СПК адаб» (исх. № 1817),1817
450,Адмирал,Избербаш,"Республика Дагестан, Избербаш, улица имени Р. Зорге, 56А",+7 (928) 800-60-05,https://admiral-ulitsa-imeni-r-zorge.clients.site/,Гостиница,нет,,,,,,live,1,duplicate,Дубль объекта «5 Resident» (исх. № 11),11
452,Адмирал-Плаза,Избербаш,"Республика Дагестан, Избербаш, улица имени Р. Зорге, 56А",+7 (928) 588-22-31,,Гостиница,нет,,,,,,none,1,duplicate,Дубль объекта «5 Resident» (исх. № 11),11
461,Аквамарин,Дербент,"Республика Дагестан, Дербент, улица Пушкина, 100А",+7 (999) 477-52-52,,Гостиница,нет,,,,,,none,1,duplicate,Дубль объекта «Парк Авеню» (исх. № 1657),1657
464,Акватория Резорт,Дербентский район,"Республика Дагестан, Дербентский район, сельсовет Первомайский, село Рыбзавод-51",+7 (938) 203-66-66,https://akvatoria-derbent.ru/,"База, дом отдыха",да,С052026025528,Семейная резиденция-отель «Акватория Резорт»,Действует,0500013985,1240500011234,live,1,duplicate,Дубль объекта «Акватория Резорт» (исх. № 463),463
490,Апарт-отель Ру,Каспийск,"Республика Дагестан, Каспийск, улица Мира, 1",+7 (926) 866-91-91,,Гостиница,нет,,,,,,none,1,duplicate,Дубль объекта «Life» (исх. № 236),236
491,Апарт-отель Ру,Каспийск,"Республика Дагестан, Каспийск, улица Ленина, 78А",+7 (926) 866-91-91,,Гостиница,нет,,,,,,none,1,duplicate,Дубль объекта «Life» (исх. № 236),236
500,Апартаменты Двушка на Хивской,Махачкала,"Республика Дагестан, Махачкала, Хивская улица, 5",+7 (963) 404-53-96,,"Жильё посуточно, Гостиница",нет,,,,,,none,1,duplicate,Дубль объекта «Как Дома 05» (исх. № 1342),1342
519,АпартРу,Махачкала,"Республика Дагестан, Махачкала, улица Времена Года, 15",+7 (926) 866-91-91,http://apart-ru-hotel.ru/,Гостиница,нет,,,,,,dead,1,duplicate,Дубль объекта «Life» (исх. № 236),236
523,Арго,Махачкала,"Республика Дагестан, Махачкала, проспект Гамидова, 17В","+7 (8722) 67-44-48, +7 (988) 459-99-55, +7 (8722) 62-87-47, +7 (988) 647-85-35",,Гостиница,нет,С052024015301,"Гостиница ""Арго"" ИП Джелилов Г.К.",Прекращен,051900913230,319057100076044,none,1,duplicate,Дубль объекта «Hotel» (исх. № 195),195
551,База Надежда,Карабудахкентский район,"Республика Дагестан, Карабудахкентский район",,,"База, дом отдыха, Турбаза",нет,,,,,,none,1,duplicate,Дубль объекта «Надежда» (исх. № 1584),1584
557,База отдыха Calipso Palace,Махачкала,"Республика Дагестан, городской округ Махачкала, территория СНТ Сулак-2, 15",,,"База, дом отдыха, Гостиница",да,С052025015668,"Курортный отель  ""Калипсо Палас""",Действует,0561061070,1090561001145,none,1,duplicate,Дубль объекта «Calipso Palace» (исх. № 69),69
559,База отдыха Well Park,Карабудахкентский район,"Республика Дагестан, Карабудахкентский район, хутор Турали 4-е",,,"База, дом отдыха, Гостиница",нет,,,,,,none,1,duplicate,Дубль объекта «Well Park» (исх. № 423),423
561,База отдыха Анжи,Карабудахкентский район,"Республика Дагестан, Карабудахкентский район, поселок дома отдыха Манас",,,"База, дом отдыха",нет,,,,,,none,1,duplicate,Дубль объекта «Анжи» (исх. № 479),479
563,База отдыха Дельфин 2,Махачкала,"Республика Дагестан, Махачкала, Федеральное шоссе, 10",,,"База, дом отдыха, Гостиница",да,С052025018034,Курортный отель Дельфин,Действует,057201391408,325050000005101,none,1,duplicate,Дубль объекта «Дельфин2» (исх. № 1091),1091
595,Белый дом,Избербаш,"Республика Дагестан, Избербаш, посёлок Рыбный, 77","+7 (964) 012-18-79, +7 (964) 007-00-93",,Гостиница,нет,,,,,,none,1,duplicate,Дубль объекта «Нур» (исх. № 1598),1598
598,Берег,Карабудахкентский район,"Республика Дагестан, Карабудахкентский район, хутор Турали 4-е",+7 (906) 446-14-66,,Гостевой дом,нет,,,,,,none,1,duplicate,Дубль объекта «Берег» (исх. № 602),602
599,Берег,Карабудахкентский район,"Республика Дагестан, Карабудахкентский район, село Манаскент, Манасское взморье",+7 (963) 793-22-25,,Гостевой дом,нет,,,,,,none,1,duplicate,Дубль объекта «Берег» (исх. № 602),602
606,Беркут,Махачкала,"Республика Дагестан, Махачкала, Кирпичная улица",+7 (963) 425-80-78,,"Гостевой дом, Гостиница",нет,,,,,,none,1,duplicate,Дубль объекта «Эленика» (исх. № 2091),2091
627,Вгости,Карабудахкентский район,"Республика Дагестан, Карабудахкентский район, сельское поселение Зеленоморск, село Зеленоморск, Спортивная улица",+7 (965) 411-15-55,,"База, дом отдыха",нет,,,,,,none,1,duplicate,Дубль объекта «Лайт Хаус» (исх. № 1468),1468
640,Вершины,Дербент,"Республика Дагестан, Дербент, улица Сальмана, 102В","+7 (922) 675-31-32, +7 (928) 056-43-90",https://vershiny-ulitsa-salmana.clients.site/,Гостевой дом,нет,,,,,,live,1,duplicate,Дубль объекта «Вершины» (исх. № 641),641
646,Виктория,Карабудахкентский район,"Республика Дагестан, Карабудахкентский район, сельское поселение Манаскент, село Манаскент, Манасское взморье, К9",,,Гостиница,да,С052026027389,"Курортно-гостиничный комплекс  ""ВИКТОРИЯ ОТЕЛЬ ЭНД СПА""",Действует,0571012890,1180571007231,none,1,duplicate,Дубль объекта «Виктория» (исх. № 645),645
651,Вилла Боскол,Махачкала,"Республика Дагестан, городской округ Махачкала, Кировский внутригородской район",,,"Пляж, Турбаза, База, дом отдыха",нет,,,,,,none,1,duplicate,Дубль объекта «Вилла Боскол» (исх. № 653),653
652,Вилла Боскол,Махачкала,"Республика Дагестан, Махачкала, территория СНТ Монтажник, 4",,,Гостиница,нет,,,,,,none,1,duplicate,Дубль объекта «Вилла Боскол» (исх. № 653),653
673,Вояж,Махачкала,"Республика Дагестан, городской округ Махачкала, микрорайон Караман-6",+7 (989) 657-57-57,,"База, дом отдыха",нет,,,,,,none,1,duplicate,Дубль объекта «База отдыха Вояж» (исх. № 562),562
690,ГБУ РД Республиканский детский туберкулёзный санаторий,Махачкала,"Республика Дагестан, городской округ Махачкала, посёлок городского типа Кяхулай, Дачная улица, 86","+7 (8722) 51-62-59, +7 (8722) 51-62-58",,Санаторий,нет,С052025000790,"Государственное бюджетное учреждение Республики Дагестан ""Республиканский детский туберкулезный санаторий""",Архивный,0562071345,1080562001398,none,1,duplicate,Дубль объекта «Детский костно-туберкулезный санаторий» (исх. № 1096),1096
698,Глэмпинг,Дербент,"Республика Дагестан, Дербент, СТ Волна","+7 (963) 371-48-58, +7 (963) 793-00-02",,"База, дом отдыха",нет,,,,,,none,1,duplicate,Дубль объекта «Коттеджи у моря» (исх. № 1439),1439
720,Горячка,Избербаш,"Республика Дагестан, Избербаш","+7 (963) 375-95-75, +7 (928) 522-25-98",,Гостиница,нет,,,,,,none,1,duplicate,Дубль объекта «У Источника» (исх. № 1896),1896
746,Гостевой Дом,Дербент,"Республика Дагестан, Дербент, проспект Агасиева, 13Г",+7 (925) 784-57-37,,Гостевой дом,нет,,,,,,none,1,duplicate,Дубль объекта «Dua Al Jannah» (исх. № 118),118
764,Гостевой дом,Дербентский район,"Республика Дагестан, Дербентский район, село Хазар, Приморская улица, 58",+7 (928) 599-00-39,https://gostevoj-dom-1714127106.clients.site/,"База, дом отдыха",нет,,,,,,live,1,duplicate,Дубль объекта «Гостевой дом» (исх. № 742),742
775,Гостевой Дом,Дербент,"Республика Дагестан, Дербент, улица Сулеймана Стальского, 23",+7 (963) 795-00-09,,"Гостевой дом, Гостиница",нет,,,,,,none,1,duplicate,Дубль объекта «Гостевой дом в центре города» (исх. № 841),841
823,Гостевой Дом Motohouse,Дербент,"Республика Дагестан, Дербент, улица Генерала Сеидова, 15",+7 (963) 425-55-12,,"Гостевой дом, Гостиница",да,С052025018761,Мотохаус,Действует,054204899610,,none,1,duplicate,Дубль объекта «Motohouse» (исх. № 261),261
824,Гостевой Дом Naberegy05,Карабудахкентский район,"Республика Дагестан, Карабудахкентский район, село Зеленоморск, 3-я Лазурная улица, 47",+7 (999) 310-91-40,,Гостевой дом,нет,,,,,,none,1,duplicate,Дубль объекта «Naberegy05» (исх. № 265),265
831,Гостевой дом Алан,Каякентский район,"Республика Дагестан, Каякентский район, село Инчхе","+7 (928) 363-52-35, +7 (928) 012-86-07",,Гостевой дом,нет,,,,,,none,1,duplicate,Дубль объекта «Алан» (исх. № 468),468
833,Гостевой дом Арадешь,Дербент,"Республика Дагестан, Дербент, переулок Карла Маркса, 62",+7 (928) 803-03-33,,Гостевой дом,нет,,,,,,none,1,duplicate,Дубль объекта «Визит» (исх. № 644),644
843,Гостевой Дом Высота,Гуниб,"Республика Дагестан, село Гуниб, улица имени Имама Шамиля, 2Е",,,Гостиница,нет,,,,,,none,1,duplicate,Дубль объекта «Этнический дом Высота» (исх. № 2099),2099
848,Гостевой дом Гоор,Шамильский район,"Республика Дагестан, Шамильский район, село Гоор","+7 (989) 872-96-71, +7 (988) 213-43-98",https://gostevoj-dom-goor-1700146704.clients.site/,Гостевой дом,нет,,,,,,live,1,duplicate,Дубль объекта «Отель Гоор» (исх. № 1637),1637
849,Гостевой дом Гоор,Шамильский район,"Республика Дагестан, Шамильский район, село Гоор",+7 (938) 785-91-45,,"Гостевой дом, Гостиница",нет,,,,,,none,1,duplicate,Дубль объекта «Отель Гоор» (исх. № 1637),1637
852,Гостевой дом Дабарахъ,Унцукульский район,"Республика Дагестан, Унцукульский район, село Аракани, улица Ахмеда Хабсуриева, 2",,,Гостиница,нет,,,,,,none,1,duplicate,Дубль объекта «Гостевой дом Дабарахъ» (исх. № 853),853
857,Гостевой дом Домики Золотой берег,Дербентский район,"Республика Дагестан, Дербентский район, сельсовет Первомайский, село Рыбзавод-51",+7 (928) 673-33-34,,Гостевой дом,нет,,,,,,none,1,duplicate,Дубль объекта «Золотой берег» (исх. № 1304),1304
858,Гостевой Дом Загородный Дом на 15 Человек,Дербент,"Республика Дагестан, Дербент, СТ Прибой, 100",+7 (964) 000-50-02,,"Гостевой дом, Гостиница",нет,,,,,,none,1,duplicate,Дубль объекта «Гостевой Дом на 6 Гостей» (исх. № 876),876
863,Гостевой дом Койсу,Гергебильский район,"Республика Дагестан, Гергебильский район, сельское поселение Курми",+7 (928) 224-39-22,,Гостевой дом,нет,С052024012042,ГОСТИНИЦА«КОЙСУ»,Прекращен,050801904730,323057100012477,none,1,duplicate,Дубль объекта «Гостевой дом Койсу» (исх. № 862),862
875,Гостевой дом на 5 человек,Дербент,"Республика Дагестан, Дербент, Родниковая улица, 36",+7 (964) 000-50-02,,"Гостевой дом, Гостиница",нет,,,,,,none,1,duplicate,Дубль объекта «Гостевой Дом на 6 Гостей» (исх. № 876),876
890,Гостевой дом Пушкина 44,Дербент,"Республика Дагестан, Дербент, улица Пушкина, 44",+7 (964) 000-50-02,,Гостевой дом,нет,,,,,,none,1,duplicate,Дубль объекта «Гостевой Дом на 6 Гостей» (исх. № 876),876
894,Гостевой дом Сруб на берегу Каспийского моря,Махачкала,"Республика Дагестан, Махачкала, микрорайон Караман-6",+7 (928) 984-00-74,,"Гостевой дом, Гостиница",нет,,,,,,none,1,duplicate,Дубль объекта «Гостевой дом-сруб на берегу Каспийского моря» (исх. № 931),931
899,Гостевой дом Турали,Карабудахкентский район,"Республика Дагестан, Карабудахкентский район, СНТ Приморский, 6-я линия, 1",+7 (926) 181-43-88,,Гостевой дом,нет,,,,,,none,1,duplicate,Дубль объекта «TuraliHouse» (исх. № 397),397
905,Гостевой дом у Магомеда,Дагестан,"Республика Дагестан, сельсовет Ботлихский, село Ботлих",+7 (988) 453-21-43,,Гостевой дом,нет,,,,,,none,1,duplicate,Дубль объекта «У Магомеда» (исх. № 1903),1903
951,Гостиница,Махачкала,"Республика Дагестан, Махачкала, проспект Гамидова, 1Е",+7 (928) 570-14-59,,Гостиница,нет,С052024015301,"Гостиница ""Арго"" ИП Джелилов Г.К.",Прекращен,051900913230,319057100076044,none,1,duplicate,Дубль объекта «Hotel» (исх. № 195),195
968,Гостиница,Докузпаринский район,"Республика Дагестан, Докузпаринский район, сельское поселение Мискинджа",+7 (989) 860-00-05,,Гостиница,нет,,,,,,none,1,duplicate,Дубль объекта «Гостевой дом Шалбуздаг» (исх. № 925),925
1038,Гостиница ШиК,Хасавюрт,"Республика Дагестан, Хасавюрт, Махачкалинское шоссе",+7 (928) 973-22-98,,Гостиница,нет,,,,,,none,1,duplicate,Дубль объекта «Гостиница ШиК» (исх. № 1037),1037
1065,Даг 05,Дербентский район,"Республика Дагестан, Дербентский район, село Хазар, Приморская улица, 147","+7 (928) 253-52-22, +7 (938) 790-50-66",,Гостевой дом,нет,,,,,,none,1,duplicate,Дубль объекта «Indigo» (исх. № 212),212
1082,Дачный домик Каспий,Избербаш,"Республика Дагестан, Избербаш, ДНТ Каспий, 34Б",+7 (963) 406-46-46,,"База, дом отдыха",нет,,,,,,none,1,duplicate,Дубль объекта «Дачный домик 12» (исх. № 1081),1081
1088,Дельфин,Махачкала,"Республика Дагестан, Махачкала, проспект Али-Гаджи Акушинского, 192","+7 (988) 778-71-11, +7 (964) 053-35-22, +7 (988) 205-27-69",,"Бассейн, Гостиница, Баня",нет,,,,,,none,1,duplicate,Дубль объекта «Дельфин» (исх. № 1087),1087
1089,Дельфин,Кумторкалинский район,"Республика Дагестан, Кумторкалинский район, кутан Гамиях","+7 (928) 503-21-33, +7 (928) 503-20-88",http://baza-delfin.ru/,"База, дом отдыха, Гостиница",да,С052025018034,Курортный отель Дельфин,Действует,057201391408,325050000005101,live,1,duplicate,Дубль объекта «Дельфин2» (исх. № 1091),1091
1107,Дом,Дербентский район,"Республика Дагестан, Дербентский район, село Хазар, Прикаспийская улица, 14",+7 (988) 637-93-95,,"База, дом отдыха",нет,,,,,,none,1,duplicate,Дубль объекта «Домик у берега моря» (исх. № 1215),1215
1120,Дом на Берегу Каспийского Моря,Дербент,"Республика Дагестан, Дербент, Локомотивная улица, 93",+7 (999) 477-52-52,,"Жильё посуточно, Гостиница",нет,,,,,,none,1,duplicate,Дубль объекта «Парк Авеню» (исх. № 1657),1657
1123,Дом на Магомеда Дадаева 25,Хунзах,"Республика Дагестан, село Хунзах, 25",,,Гостиница,нет,,,,,,none,1,duplicate,Дубль объекта «Дом на Магомеда Дадаева 25» (исх. № 1122),1122
1134,Дом отдыха,Избербаш,"Республика Дагестан, Избербаш, улица Королёва, 4",+7 (985) 745-86-67,,"База, дом отдыха",нет,,,,,,none,1,duplicate,Дубль объекта «Sea Time» (исх. № 343),343
1137,Дом отдыха,Карабудахкентский район,"Республика Дагестан, Карабудахкентский район, хутор Турали 4-е, Жемчужная улица",+7 (963) 400-34-87,,"База, дом отдыха",нет,,,,,,none,1,duplicate,Дубль объекта «Aziz» (исх. № 44),44
1163,Дом у моря,Дербент,"Республика Дагестан, Дербент, улица Х. Тагиева, 5А","+7 (928) 975-80-68, +7 (985) 055-48-20",,"База, дом отдыха",нет,,,,,,none,1,duplicate,Дубль объекта «Hotel by the Sea Dagestan» (исх. № 198),198
1174,Дом у моря,Махачкала,"Республика Дагестан, городской округ Махачкала, микрорайон Караман-5, улица 1-я линия, 17",+7 (925) 666-19-47,,"База, дом отдыха",нет,,,,,,none,1,duplicate,Дубль объекта «Деревянные дома у моря» (исх. № 1093),1093
1176,Дом у моря,Карабудахкентский район,"Республика Дагестан, Карабудахкентский район, кутан Турали 5-е, 71",+7 (903) 480-00-99,,"База, дом отдыха",нет,,,,,,none,1,duplicate,Дубль объекта «Дом у моря» (исх. № 1172),1172
1183,Дом у озера,Хунзахский район,"Республика Дагестан, Хунзахский район",+7 (963) 790-09-89,,"Жильё посуточно, Гостиница",нет,,,,,,none,1,duplicate,Дубль объекта «Гостевой дом у озера» (исх. № 912),912
1192,Дома у моря,Махачкала,"Республика Дагестан, городской округ Махачкала, Береговая улица, 2",+7 (967) 935-19-76,http://doma-parus.tilda.ws/,"База, дом отдыха",нет,,,,,,dead,1,duplicate,Дубль объекта «Гостиница Парус» (исх. № 1029),1029
1195,Дома у моря,Избербаш,"Республика Дагестан, Избербаш, улица Некрасова",+7 (963) 411-11-97,,"База, дом отдыха",нет,,,,,,none,1,duplicate,Дубль объекта «Дома у моря» (исх. № 1193),1193
1197,Дома у моря Barn House,Избербаш,"Республика Дагестан, Избербаш, поселок Рыбный",+7 (966) 741-11-11,,"База, дом отдыха",нет,,,,,,none,1,duplicate,Дубль объекта «Riviera village» (исх. № 320),320
1209,Домик в горах,Гергебильский район,"Республика Дагестан, Гергебильский район, село Курми, улица Абулмуслима Шейха",+7 (989) 666-42-82,,Гостиница,нет,,,,,,none,1,duplicate,Дубль объекта «Домик в горах» (исх. № 1210),1210
1220,Домик у моря,Карабудахкентский район,"Республика Дагестан, Карабудахкентский район",+7 (988) 212-38-38,,"База, дом отдыха",нет,,,,,,none,1,duplicate,Дубль объекта «Гостевой дом» (исх. № 728),728
1223,Домик у моря,Каякентский район,"Республика Дагестан, Каякентский район, 1Д",+7 (967) 390-22-02,,Гостевой дом,нет,,,,,,none,1,duplicate,Дубль объекта «Домик у Моря» (исх. № 1218),1218
1236,Домик у Речки,Дагестан,"Республика Дагестан, река Тлар","+7 (928) 181-81-81, +7 (988) 777-51-27, +7 (989) 481-87-82",,Гостиница,нет,,,,,,none,1,duplicate,Дубль объекта «Домик у Речки» (исх. № 1235),1235
1260,Дубки Сулакский Каньон,Казбековский район,"Республика Дагестан, Казбековский район, посёлок городского типа Дубки, 12",+7 (928) 588-17-79,https://zhiloe-pomeschenie-dubki.clients.site/,Гостиница,нет,,,,,,live,1,duplicate,Дубль объекта «Дубки Сулакский Каньон» (исх. № 1259),1259
1262,Дубовая Роща,Докузпаринский район,"Республика Дагестан, Докузпаринский район, село Микрах",,,Гостиница,нет,,,,,,none,1,duplicate,Дубль объекта «Дубовая Роща» (исх. № 1263),1263
1272,Жасмин,Карабудахкентский район,"Республика Дагестан, Карабудахкентский район, кутан Турали 5-е",,,Гостиница,нет,,,,,,none,1,duplicate,Дубль объекта «Жасмин» (исх. № 1271),1271
1276,Жемчужина,Карабудахкентский район,"Республика Дагестан, Карабудахкентский район",,,"База, дом отдыха",нет,,,,,,none,1,duplicate,Дубль объекта «Жемчужина» (исх. № 1274),1274
1285,Жилое помещение на цокольном этаже,Дербент,"Республика Дагестан, Дербент, улица Громаковского, 9",+7 (964) 000-50-02,,"Жильё посуточно, Гостиница",нет,,,,,,none,1,duplicate,Дубль объекта «Гостевой Дом на 6 Гостей» (исх. № 876),876
1305,Золотой берег,Дербентский район,"Республика Дагестан, Дербентский район, сельсовет Первомайский, посёлок Рыбзавод № 51","+7 (928) 673-33-34, +7 (928) 973-35-06",,"База, дом отдыха",нет,,,,,,none,1,duplicate,Дубль объекта «Золотой берег» (исх. № 1304),1304
1311,Изба,Махачкала,"Республика Дагестан, Махачкала, улица Даганова, 9Б",+7 (989) 442-39-59,,Гостиница,нет,,,,,,none,1,duplicate,Дубль объекта «Комильфо» (исх. № 1412),1412
1329,Как дома 05,Махачкала,"Республика Дагестан, Махачкала, улица Рустамова, 5",,,Гостиница,нет,,,,,,none,1,duplicate,Дубль объекта «Как Дома 05» (исх. № 1342),1342
1330,Как Дома 05,Махачкала,"Республика Дагестан, Махачкала, улица Хаджи Булача, 25",+7 (963) 404-53-96,https://kakdoma05.ru/,Апартаменты,нет,,,,,,live,1,duplicate,Дубль объекта «Как Дома 05» (исх. № 1342),1342
1331,Как Дома 05,Махачкала,"Республика Дагестан, Махачкала, улица Манташева, 58",,,Гостиница,нет,,,,,,none,1,duplicate,Дубль объекта «Как Дома 05» (исх. № 1342),1342
1332,Как Дома 05,Махачкала,"Республика Дагестан, Махачкала, Рельефная улица, 30",,,Гостиница,нет,,,,,,none,1,duplicate,Дубль объекта «Как Дома 05» (исх. № 1342),1342
1333,Как Дома 05,Махачкала,"Республика Дагестан, Махачкала, улица Гайдара Гаджиева, 3Б",+7 (963) 404-53-96,http://www.kakdoma05.ru/,Гостиница,нет,,,,,,live,1,duplicate,Дубль объекта «Как Дома 05» (исх. № 1342),1342
1334,Как Дома 05,Каспийск,"Республика Дагестан, Каспийск, микрорайон Кемпинг, улица Магомедали Магомедова, 29",,,Гостиница,нет,,,,,,none,1,duplicate,Дубль объекта «Как Дома 05» (исх. № 1342),1342
1335,Как Дома 05,Махачкала,"Республика Дагестан, Махачкала, проспект Гамидова, 15Д",+7 (963) 404-53-96,http://www.kakdoma05.ru/,Гостиница,нет,,,,,,live,1,duplicate,Дубль объекта «Как Дома 05» (исх. № 1342),1342
1336,Как Дома 05,Каспийск,"Республика Дагестан, Каспийск, проспект Акулиничева, 4",+7 (963) 404-53-96,https://kakdoma05.ru/,Апартаменты,нет,,,,,,live,1,duplicate,Дубль объекта «Как Дома 05» (исх. № 1342),1342
1337,Как Дома 05,Махачкала,"Республика Дагестан, Махачкала, микрорайон Караман-7",,,Гостиница,нет,,,,,,none,1,duplicate,Дубль объекта «Как Дома 05» (исх. № 1342),1342
1338,Как Дома 05,Каспийск,"Республика Дагестан, Каспийск, проспект Акулиничева, 33А",,,Гостиница,нет,,,,,,none,1,duplicate,Дубль объекта «Как Дома 05» (исх. № 1342),1342
1339,Как Дома 05,Каспийск,"Республика Дагестан, Каспийск, микрорайон Кемпинг, улица Магомедали Магомедова, 2",,,Гостиница,нет,,,,,,none,1,duplicate,Дубль объекта «Как Дома 05» (исх. № 1342),1342
1340,Как дома 05,Махачкала,"Республика Дагестан, Махачкала, улица Юсупова, 65",,,Гостиница,нет,,,,,,none,1,duplicate,Дубль объекта «Как Дома 05» (исх. № 1342),1342
1341,Как Дома 05,Каспийск,"Республика Дагестан, Каспийск, улица Орджоникидзе, 24",,,Гостиница,нет,,,,,,none,1,duplicate,Дубль объекта «Как Дома 05» (исх. № 1342),1342
1343,Как Дома 05,Махачкала,"Республика Дагестан, Махачкала, улица Гайдара Гаджиева, 1Г",,,Гостиница,нет,,,,,,none,1,duplicate,Дубль объекта «Как Дома 05» (исх. № 1342),1342
1344,Как Дома 05,Махачкала,"Республика Дагестан, Махачкала, улица Лаптиева, 20",,,Гостиница,нет,,,,,,none,1,duplicate,Дубль объекта «Как Дома 05» (исх. № 1342),1342
1345,Как Дома 05,Махачкала,"Республика Дагестан, Махачкала, улица Даниялова, 112",+7 (963) 404-53-96,https://kakdoma05.ru/,Гостиница,нет,,,,,,live,1,duplicate,Дубль объекта «Как Дома 05» (исх. № 1342),1342
1346,Как Дома 05,Махачкала,"Республика Дагестан, Махачкала, улица Гагарина, 48",+7 (963) 404-53-96,http://www.kakdoma05.ru/,Гостиница,нет,,,,,,live,1,duplicate,Дубль объекта «Как Дома 05» (исх. № 1342),1342
1347,Как Дома 05,Каспийск,"Республика Дагестан, Каспийск, Пригородная улица, 5, корп. В",+7 (963) 404-53-96,https://kakdoma05.ru/,Апартаменты,нет,,,,,,live,1,duplicate,Дубль объекта «Как Дома 05» (исх. № 1342),1342
1348,Как дома 05,Махачкала,"Республика Дагестан, Махачкала, улица Заманова, 34",+7 (988) 340-55-60,,Гостиница,нет,,,,,,none,1,duplicate,Дубль объекта «Как Дома 05» (исх. № 1342),1342
1349,Как Дома 05,Махачкала,"Республика Дагестан, Махачкала, 1-й тупик Батырая, 25",+7 (963) 404-53-96,http://www.kakdoma05.ru/,Гостиница,нет,,,,,,live,1,duplicate,Дубль объекта «Как Дома 05» (исх. № 1342),1342
1350,Как Дома 05,Каспийск,"Республика Дагестан, Каспийск, Кавказская улица, 31А",+7 (963) 404-53-96,https://kakdoma05.ru/,Апартаменты,нет,,,,,,live,1,duplicate,Дубль объекта «Как Дома 05» (исх. № 1342),1342
1351,Как Дома 05,Махачкала,"Республика Дагестан, Махачкала, микрорайон Караман-4, 10/1",,,Гостиница,нет,,,,,,none,1,duplicate,Дубль объекта «Как Дома 05» (исх. № 1342),1342
1352,Как Дома 05,Махачкала,"Республика Дагестан, Махачкала, улица Времена Года, 1",,,Гостиница,нет,,,,,,none,1,duplicate,Дубль объекта «Как Дома 05» (исх. № 1342),1342
1355,Как дома Караман-4,Махачкала,"Республика Дагестан, Махачкала, микрорайон Караман-4",+7 (963) 404-53-96,,Гостиница,нет,,,,,,none,1,duplicate,Дубль объекта «Как Дома 05» (исх. № 1342),1342
1356,Как у себя дома,Махачкала,"Республика Дагестан, городской округ Махачкала, микрорайон Караман-6",+7 (928) 045-57-27,,Гостиница,нет,,,,,,none,1,duplicate,Дубль объекта «Как у себя дома» (исх. № 1357),1357
1370,Караван-Сарай,Махачкала,"Республика Дагестан, городской округ Махачкала, микрорайон Караман-7, улица Хайрутдина Гаджиева, 33",,,Гостиница,нет,,,,,,none,1,duplicate,Дубль объекта «Караван Сарай» (исх. № 1369),1369
1381,Кахиб,Шамильский район,"Республика Дагестан, Шамильский район, село Кахиб",+7 (918) 932-52-29,,Гостиница,нет,,,,,,none,1,duplicate,Дубль объекта «Гостевой дом Кахиб» (исх. № 860),860
1400,Кемпинг,Казбековский район,"Республика Дагестан, Казбековский район, городское поселение Дубки",+7 (988) 428-51-09,,Кемпинг,нет,,,,,,none,1,duplicate,Дубль объекта «Kanyonbesedki» (исх. № 221),221
1405,Кизлярское межрайонное Общество охотников и рыболовов,Кизляр,"Республика Дагестан, Кизляр, Набережная улица, 43",+7 (928) 505-00-84,http://dagohota.ru/,"Клуб охотников и рыболовов, Турбаза, Туристический клуб",нет,,,,,,live,1,duplicate,Дубль объекта «Дагестанское республиканское общество охотников и рыболовов» (исх. № 1068),1068
1408,Класс,Махачкала,"Республика Дагестан, городской округ Махачкала, микрорайон Караман-7, улица Хайрутдина Гаджиева, 3",+7 (967) 395-77-99,,Гостиница,нет,С052024002486,"Городская гостиница ""Класс"" ИП Измагилова Л.Ф.",Прекращен,024002987093,318057100060462,none,1,duplicate,Дубль объекта «Класс» (исх. № 1409),1409
1437,Коттеджи на Рублевке,Дербент,"Республика Дагестан, Дербент, улица Х. Тагиева",,,Гостевой дом,нет,,,,,,none,1,duplicate,Дубль объекта «Коттеджи на Рублевке» (исх. № 1436),1436
1472,Леззет,Карабудахкентский район,"Республика Дагестан, Карабудахкентский район, село Манаскент, улица И. Насрутдинова, 186",+7 (8722) 62-03-98,,Санаторий,нет,С052025000378,"Общество с ограниченной ответственностью ""Санаторий ""Леззет""",Архивный,0522012262,1020501301985,none,1,duplicate,Дубль объекта «Леззет» (исх. № 1473),1473
1494,Малый водопад,Гунибский район,"Республика Дагестан, Гунибский район",+7 (928) 833-12-00,,Кемпинг,нет,,,,,,none,1,duplicate,Дубль объекта «Welcome to Salta» (исх. № 422),422
1508,Маяк,Карабудахкентский район,"Республика Дагестан, Карабудахкентский район, поселок Уллубиево",,,Гостиница,нет,,,,,,none,1,duplicate,Дубль объекта «Маяк» (исх. № 1507),1507
1510,МВА,Дербентский район,"Республика Дагестан, Дербентский район, село Хазар, Приморская улица, 147","+7 (928) 253-52-22, +7 (928) 238-70-10",,Гостевой дом,нет,,,,,,none,1,duplicate,Дубль объекта «Indigo» (исх. № 212),212
1513,Медвежий остров,Бабаюртовский Район,"Республика Дагестан, Бабаюртовский район",,,"База, дом отдыха",нет,,,,,,none,1,duplicate,Дубль объекта «Медвежий Остров» (исх. № 1512),1512
1555,Морской Бриз,Дербентский район,"Республика Дагестан, Дербентский район, сельсовет Первомайский, село Андреевка",+7 (964) 024-44-02,,Гостевой дом,нет,,,,,,none,1,duplicate,Дубль объекта «Морской Бриз» (исх. № 1556),1556
1569,Мумигор,Шамильский район,"Республика Дагестан, Шамильский район, село Гоор",+7 (988) 786-00-40,,Хостел,нет,,,,,,none,1,duplicate,Дубль объекта «Гостевой Дом Мумигор» (исх. № 872),872
1572,Мускат,Дагестан,"Республика Дагестан, 82К-009","+7 (928) 504-67-47, +7 (928) 502-50-60",,Гостевой дом,нет,,,,,,none,1,duplicate,Дубль объекта «Мускат» (исх. № 1571),1571
1574,На берегу,Карабудахкентский район,"Республика Дагестан, Карабудахкентский район, село Зеленоморск, Зеленоморская улица, 28",,,"База, дом отдыха",нет,,,,,,none,1,duplicate,Дубль объекта «Дом на берегу» (исх. № 1119),1119
1607,Олимп,Дербент,"Республика Дагестан, Дербент, переулок Карла Маркса, 64А",+7 (928) 803-03-33,,Хостел,нет,,,,,,none,1,duplicate,Дубль объекта «Визит» (исх. № 644),644
1609,Ореховый сад,Магарамкентский район,"Республика Дагестан, Магарамкентский район, село Приморский, улица Валентина Эмирова, 3",+7 (964) 016-61-32,,Гостевой дом,нет,,,,,,none,1,duplicate,Дубль объекта «Черные пески» (исх. № 2052),2052
1613,Остров,Буйнакский район,"Республика Дагестан, Буйнакский район",+7 (938) 200-04-84,,Глэмпинг,нет,,,,,,none,1,duplicate,Дубль объекта «Глэмпинг Остров» (исх. № 704),704
1617,Отдых,Докузпаринский район,"Республика Дагестан, Докузпаринский район, село Авадан, улица Ленина, 48",+7 (928) 557-73-72,,"База, дом отдыха, Гостиница",нет,,,,,,none,1,duplicate,Дубль объекта «Наследие» (исх. № 1586),1586
1620,Отдыхай с комфортом,Каякентский район,"Республика Дагестан, Каякентский район, сельсовет Новокаякентский, село Инчхе, Морская улица",+7 (909) 479-76-93,,Гостевой дом,нет,,,,,,none,1,duplicate,Дубль объекта «Рассвет» (исх. № 1712),1712
1624,Отель Aprt24,Махачкала,"Республика Дагестан, Махачкала, улица Времена Года, 15",+7 (988) 295-45-45,,Гостиница,нет,,,,,,none,1,duplicate,Дубль объекта «Life» (исх. № 236),236
1626,Отель Atlantis Marina,Новолакский район,"Республика Дагестан, Новолакский район, аэродром Махачкала-1 (Улар)",+7 (909) 842-22-22,,Гостиница,нет,,,,,,none,1,duplicate,Дубль объекта «Atlantis Marina» (исх. № 36),36
1630,Отель Loft,Гуниб,"Республика Дагестан, село Гуниб, 1",+7 (988) 484-55-55,,Гостиница,нет,,,,,,none,1,duplicate,Дубль объекта «Loft» (исх. № 237),237
1631,Отель Magrib Caspiy,Карабудахкентский район,"Республика Дагестан, Карабудахкентский район, сельское поселение Зеленоморск, село Зеленоморск",,,Гостиница,нет,,,,,,none,1,duplicate,Дубль объекта «Magrib Caspiy» (исх. № 241),241
1643,Отель Турист,Хасавюрт,"Республика Дагестан, Хасавюрт, улица Омар-Гаджи Шахтаманова, 10",,,Гостиница,да,С052024013462,Гостиница «Турист» ООО «Скорпион»,Действует,0544002148,1070544000350,none,1,duplicate,Дубль объекта «Турист» (исх. № 1877),1877
1658,Парус,Махачкала,"Республика Дагестан, городской округ Махачкала, Береговая улица",+7 (967) 935-19-76,http://doma-parus.tilda.ws/,"База, дом отдыха",нет,,,,,,dead,1,duplicate,Дубль объекта «Гостиница Парус» (исх. № 1029),1029
1661,Парус,Карабудахкентский район,"Республика Дагестан, Карабудахкентский район, сельское поселение Зеленоморск, село Зеленоморск, Зеленоморская улица, 13Б","+7 (989) 768-97-91, +7 (918) 996-12-34",,Гостиница,нет,,,,,,none,1,duplicate,Дубль объекта «Парус» (исх. № 1659),1659
1662,Парус,Карабудахкентский район,"Республика Дагестан, Карабудахкентский район, сельское поселение Манаскент, село Манаскент, Манасское взморье, К2",,,Гостиница,нет,,,,,,none,1,duplicate,Дубль объекта «Парус» (исх. № 1659),1659
1668,Персиковый Остров,Буйнакский район,"Республика Дагестан, Буйнакский район",+7 (988) 305-05-25,,"Турбаза, Гостиница",нет,,,,,,none,1,duplicate,Дубль объекта «Персиковый Остров» (исх. № 1669),1669
1671,Песчаный пляж,Дербент,"Республика Дагестан, Дербент, СТ Заря, Моторная улица, 5",+7 (920) 757-57-35,https://peschanyj-pljazh-motornaja-ulitsa.clients.site/,Гостевой дом,нет,,,,,,live,1,duplicate,Дубль объекта «Гостиница» (исх. № 954),954
1711,Рассвет,Каякентский район,"Республика Дагестан, Каякентский район, сельсовет Новокаякентский",+7 (967) 931-33-22,https://rassvet-1752739781.clients.site/,Гостевой дом,нет,С052026019748,Рассвет,Прекращен,056107353403,,live,1,duplicate,Дубль объекта «Рассвет» (исх. № 1712),1712
1713,Рассвет,Каякентский район,"Республика Дагестан, Каякентский район, село Первомайское, Береговая улица",+7 (928) 806-72-61,,"База, дом отдыха",нет,С052026019748,Рассвет,Прекращен,056107353403,,none,1,duplicate,Дубль объекта «Рассвет» (исх. № 1712),1712
1714,Рассвет,Избербаш,"Республика Дагестан, Избербаш, Индустриальная улица, 224","+7 (960) 419-88-40, +7 (963) 402-74-09",https://rassvet-primorskaja-ulitsa.clients.site/,Гостевой дом,нет,С052026019748,Рассвет,Прекращен,056107353403,,live,1,duplicate,Дубль объекта «Рассвет» (исх. № 1712),1712
1719,Резидент-Плаза,Избербаш,"Республика Дагестан, Избербаш, улица Совзихана Совзиханова, 69А",+7 (928) 872-55-00,https://hotelresident.ru/,Гостиница,нет,,,,,,live,1,duplicate,Дубль объекта «5 Resident» (исх. № 11),11
1720,Резиденция,Избербаш,"Республика Дагестан, Избербаш, улица Совзихана Совзиханова, 69А",+7 (928) 588-22-31,,Гостиница,нет,,,,,,none,1,duplicate,Дубль объекта «5 Resident» (исх. № 11),11
1753,Самур,Магарамкентский район,"Республика Дагестан, Магарамкентский район",+7 (912) 977-04-27,,Гостевой дом,нет,,,,,,none,1,duplicate,Дубль объекта «Самур» (исх. № 1754),1754
1772,Сафар Чалда,Гергебильский район,"Республика Дагестан, Гергебильский район, сельское поселение Чалда, село Чалда, улица Имама Шамиля, 1","+7 (967) 393-24-36, +7 (938) 984-77-61",,"База, дом отдыха",да,С052026026675,База отдыха Сафар Фэмили,Действует,0508015818,1230500008210,none,1,duplicate,Дубль объекта «Домики у горной речи» (исх. № 1248),1248
1774,Сафари Чалда,Гергебильский район,"Республика Дагестан, Гергебильский район, село Чалда, улица Имама Шамиля, 1",+7 (967) 393-24-36,,"База, дом отдыха",да,С052026026675,База отдыха Сафар Фэмили,Действует,0508015818,1230500008210,none,1,duplicate,Дубль объекта «Домики у горной речи» (исх. № 1248),1248
1776,Саят,Избербаш,"Республика Дагестан, Избербаш, Архитектурная улица, 13",+7 (964) 007-04-98,,Гостиница,нет,,,,,,none,1,duplicate,Дубль объекта «Ареал» (исх. № 525),525
1826,Старый Кахиб,Шамильский район,"Республика Дагестан, Шамильский район, село Кахиб",+7 (989) 665-23-93,https://gostevoj-dom-1687808609.clients.site/,Гостевой дом,нет,,,,,,live,1,duplicate,Дубль объекта «Старый Кахиб» (исх. № 1825),1825
1841,Табаристан,Табасаранский район,"Республика Дагестан, Табасаранский район, село Ягдыг",+7 (988) 420-50-02,,Гостиница,нет,,,,,,none,1,duplicate,Дубль объекта «Гостевой дом» (исх. № 788),788
1849,Терем,Карабудахкентский район,"Республика Дагестан, Карабудахкентский район, сельское поселение Манаскент, село Манаскент, Манасское взморье, К22",,,Гостиница,нет,,,,,,none,1,duplicate,Дубль объекта «Терем» (исх. № 1848),1848
1854,Тихая гавань,Махачкала,"Республика Дагестан, городской округ Махачкала, микрорайон Караман-6",+7 (903) 428-01-01,,"База, дом отдыха",нет,,,,,,none,1,duplicate,Дубль объекта «Тихая гавань» (исх. № 1852),1852
1856,Тихая гавань,Каякентский район,"Республика Дагестан, Каякентский район, сельсовет Новокаякентский, село Инчхе, Морская улица, 2/1","+7 (967) 393-72-90, +7 (928) 871-46-15",https://baza-otdyha-tihaja-gavan.clients.site/,Гостевой дом,нет,,,,,,live,1,duplicate,Дубль объекта «Моя Тихая Гавань» (исх. № 1567),1567
1858,Тихая гавань на косе,Дербент,"Республика Дагестан, Дербент, микрорайон Коса, 31",+7 (963) 400-07-92,,Гостевой дом,нет,,,,,,none,1,duplicate,Дубль объекта «База отдыха Тихая гавань на косе» (исх. № 572),572
1901,У Магомеда,Гунибский район,"Республика Дагестан, Гунибский район, село Нижний Кегер",+7 (989) 867-57-18,,Гостиница,нет,,,,,,none,1,duplicate,Дубль объекта «У Магомеда» (исх. № 1902),1902
1907,У моря,Избербаш,"Республика Дагестан, Избербаш, 1-я Береговая улица, 5",+7 (960) 414-05-40,,Гостиница,нет,,,,,,none,1,duplicate,Дубль объекта «Sunshine Izberbash» (исх. № 385),385
1913,У пруда,Кизилюртовский район,"Республика Дагестан, Кизилюртовский район, село Нечаевка, улица Меселова, 99",+7 (960) 666-00-14,,"База, дом отдыха",нет,,,,,,none,1,duplicate,Дубль объекта «U_pruda» (исх. № 401),401
1941,Уют,Дербент,"Республика Дагестан, Дербент, проспект Агасиева, 20",+7 (928) 288-64-63,,Гостиница,нет,,,,,,none,1,duplicate,Дубль объекта «Гостиница» (исх. № 1008),1008
1968,Фриг,Дербентский район,"Республика Дагестан, Дербентский район",+7 (938) 782-32-92,,Хостел,нет,,,,,,none,1,duplicate,Дубль объекта «Шашлык-машлык» (исх. № 2070),2070
1979,Хан,Махачкала,"Республика Дагестан, Махачкала, улица Мирзабекова, 103",+7 (926) 906-81-91,,Хостел,нет,С052024008164,Городской отель «ХАН»,Прекращен,251133547320,323774600368852,none,1,duplicate,Дубль объекта «Хан» (исх. № 1977),1977
1993,Хостел,Дербент,"Республика Дагестан, Дербент, улица 6-й Магал, 22",+7 (929) 261-88-24,,Хостел,нет,,,,,,none,1,duplicate,Дубль объекта «Дербент. Айва» (исх. № 1092),1092
2000,Хостел Гермес Хостел-22,Дербент,"Республика Дагестан, Дербент, улица Оскара, 28","+7 (967) 408-00-80, +7 (964) 000-50-02",,"Хостел, Гостиница",нет,,,,,,none,1,duplicate,Дубль объекта «Гостевой Дом на 6 Гостей» (исх. № 876),876
2007,Хунзах,Хунзах,"Республика Дагестан, село Хунзах",,,Гостиница,нет,,,,,,none,1,duplicate,Дубль объекта «Хунзах» (исх. № 2006),2006
2011,Цидук,Шамильский район,"Республика Дагестан, Шамильский район, село Гоор, 113","+7 (963) 245-55-23, +7 (960) 409-84-84",,"Гостевой дом, База, дом отдыха",нет,,,,,,none,1,duplicate,Дубль объекта «Как Doma» (исх. № 1326),1326
2049,Чемпион,Махачкала,"Республика Дагестан, Махачкала, микрорайон Караман-4, 1Б",,,Гостиница,нет,,,,,,none,1,duplicate,Дубль объекта «Чемпион» (исх. № 2050),2050
2059,Шалбуздаг,Каспийск,"Республика Дагестан, Каспийск, Октябрьская улица, 3",+7 (989) 665-48-70,http://shalbuzdag.ru/,Гостиница,нет,,,,,,live,1,duplicate,Дубль объекта «Шалбуздаг» (исх. № 2058),2058
2060,Шалбуздаг,Докузпаринский район,"Республика Дагестан, Докузпаринский район",+7 (989) 860-00-05,,Турбаза,нет,,,,,,none,1,duplicate,Дубль объекта «Гостевой дом Шалбуздаг» (исх. № 925),925
2066,Шатэ,Махачкала,"Республика Дагестан, Махачкала, микрорайон Караман-4, 4Б",,,Гостиница,нет,,,,,,none,1,duplicate,Дубль объекта «Шатэ» (исх. № 2067),2067
2083,Эдэм,Избербаш,"Республика Дагестан, Избербаш, Индустриальная улица, 40",+7 (989) 874-14-14,,"База, дом отдыха, Гостевой дом",нет,,,,,,none,1,duplicate,Дубль объекта «Эдем» (исх. № 2082),2082
2093,Эленика,Махачкала,"Республика Дагестан, Махачкала, 2-я Аварская улица, 8",+7 (963) 425-80-78,,Гостиница,нет,,,,,,none,1,duplicate,Дубль объекта «Эленика» (исх. № 2091),2091
2096,Энергосервис,Карабудахкентский район,"Республика Дагестан, Карабудахкентский район, село Зеленоморск, улица Дахадаева, 22",+7 (988) 422-50-50,,Гостиница,нет,,,,,,none,1,duplicate,Дубль объекта «Терем» (исх. № 1848),1848
2113,Этнохостел,Дербент,"Республика Дагестан, Дербент, улица Шахбазова, 37","+7 (989) 658-18-68, +7 (965) 595-55-56",,Хостел,нет,,,,,,none,1,duplicate,Дубль объекта «Этнохостел» (исх. № 2112),2112
5,2-Kh Komnatnaya V Tsentre Goroda Flat,Дербент,"Республика Дагестан, Дербент, Красноармейский переулок, 41",,,"Жильё посуточно, Гостиница",нет,,,,,,none,1,outdated,"Объявление жилья посуточно / агрегаторская квартира, не самостоятельное средство размещения",
12,52,Дербент,"Республика Дагестан, Дербент, улица Юрия Гагарина, 2Б",,,"Жильё посуточно, Гостиница",нет,,,,,,none,1,outdated,"Объявление жилья посуточно / агрегаторская квартира, не самостоятельное средство размещения",
14,7Я,Каякентский район,"Республика Дагестан, Каякентский район, сельсовет Новокаякентский",,,Гостевой дом,нет,,,,,,none,1,outdated,Типовое название без телефона и собственного сайта — нельзя подтвердить в открытых источниках,
91,Courtyard Waterbury Downtown,Дагестан,"Республика Дагестан, Государственный природный заказник Касумкентский",,,Гостиница,нет,,,,,,none,1,outdated,Агрегаторская или частная квартира / автосгенерированное объявление,
96,Dacha,Избербаш,"Республика Дагестан, Избербаш, ДНП Нефтяник",,,"Гостевой дом, Жильё посуточно",нет,,,,,,none,1,outdated,"Объявление жилья посуточно / агрегаторская квартира, не самостоятельное средство размещения",
108,Dizaynerskaya Ryadom S Naberezhnoy Flat,Дербент,"Республика Дагестан, Дербент, улица Х. Тагиева, 33",,,"Жильё посуточно, Гостиница",нет,,,,,,none,1,outdated,"Объявление жилья посуточно / агрегаторская квартира, не самостоятельное средство размещения",
141,Flats on Salman street,Дербент,"Республика Дагестан, Дербент, улица Сальмана, 100",,,"Жильё посуточно, Гостиница",нет,,,,,,none,1,outdated,"Объявление жилья посуточно / агрегаторская квартира, не самостоятельное средство размещения",
169,Guest house,Карабудахкентский район,"Республика Дагестан, Карабудахкентский район, сельское поселение Зеленоморск, село Зеленоморск, 6-я Лазурная улица",,,Гостевой дом,нет,,,,,,none,1,outdated,Типовое название без телефона и собственного сайта — нельзя подтвердить в открытых источниках,
172,Gueste House,Дагестан,Республика Дагестан,,,Гостевой дом,нет,,,,,,none,1,outdated,Типовое название без телефона и собственного сайта — нельзя подтвердить в открытых источниках,
189,Home Comfort on Gazoprovodnaya Street,Махачкала,"Республика Дагестан, Махачкала, Газопроводная улица, 11, корп. 2",,,Гостиница,нет,,,,,,none,1,outdated,Агрегаторская или частная квартира / автосгенерированное объявление,
190,Home Comfort на улице Братьев Нурбагандовых,Махачкала,"Республика Дагестан, Махачкала, улица Братьев Нурбагандовых, 12",,,Гостиница,нет,,,,,,none,1,outdated,Агрегаторская или частная квартира / автосгенерированное объявление,
192,Hostel 05,Избербаш,"Республика Дагестан, Избербаш, Набережная улица, 42",,,Хостел,нет,,,,,,none,1,outdated,Типовое название без телефона и собственного сайта — нельзя подтвердить в открытых источниках,
208,How are you at home 05 on Gaptsakhskaya Street,Махачкала,"Республика Дагестан, Махачкала, Гапцахская улица, 12",,,Гостиница,нет,,,,,,none,1,outdated,Агрегаторская или частная квартира / автосгенерированное объявление,
223,Khivskaya 6 Flat,Махачкала,"Республика Дагестан, Махачкала, Хивская улица, 6",,,"Жильё посуточно, Гостиница",нет,,,,,,none,1,outdated,"Объявление жилья посуточно / агрегаторская квартира, не самостоятельное средство размещения",
264,Na Ulice Magomedali Magomedzhdanova Flat,Каспийск,"Республика Дагестан, Каспийск, улица Магомедали Магомеджановa, 31",,,"Жильё посуточно, Гостиница",нет,,,,,,none,1,outdated,"Объявление жилья посуточно / агрегаторская квартира, не самостоятельное средство размещения",
434,Zm,Махачкала,"Республика Дагестан, Махачкала, Федеральное шоссе, 101А",+7 (928) 677-00-09,,"Жильё посуточно, База, дом отдыха",нет,,,,,,none,1,outdated,"Объявление жилья посуточно / агрегаторская квартира, не самостоятельное средство размещения",
492,Апартаменты 3-к. Квартира Гостевая в центре Города Дербент,Дербент,"Республика Дагестан, Дербент, переулок Семёна Ильдатова, 2",+7 (964) 000-50-02,,"Жильё посуточно, Гостиница",нет,,,,,,none,1,outdated,"Объявление жилья посуточно / агрегаторская квартира, не самостоятельное средство размещения",
495,Апартаменты VIP Квартира 3к в Дербенте,Дербент,"Республика Дагестан, Дербент, улица Сальмана, 65В, корп. 2",+7 (964) 000-50-02,,"Жильё посуточно, Гостиница",нет,,,,,,none,1,outdated,"Объявление жилья посуточно / агрегаторская квартира, не самостоятельное средство размещения",
496,Апартаменты Агасиева 19 2х Квартира центр Города,Дербент,"Республика Дагестан, Дербент, проспект Агасиева, 19",+7 (964) 000-50-02,,"Жильё посуточно, Гостиница",нет,,,,,,none,1,outdated,"Объявление жилья посуточно / агрегаторская квартира, не самостоятельное средство размещения",
499,Апартаменты Двухкомнатная Квартира,Дербент,"Республика Дагестан, Дербент, улица Шеболдаева, 45",+7 (964) 000-50-02,,"Жильё посуточно, Гостиница",нет,,,,,,none,1,outdated,"Объявление жилья посуточно / агрегаторская квартира, не самостоятельное средство размещения",
502,Апартаменты Квартир,Дербент,"Республика Дагестан, Дербент, улица Сальмана, 100",+7 (938) 200-90-01,,"Жильё посуточно, Гостиница",нет,,,,,,none,1,outdated,"Объявление жилья посуточно / агрегаторская квартира, не самостоятельное средство размещения",
503,Апартаменты Квартира,Дербент,"Республика Дагестан, Дербент, улица 345-й Дагестанской Стрелковой Дивизии, 8Б",,,"Жильё посуточно, Гостиница",нет,,,,,,none,1,outdated,"Объявление жилья посуточно / агрегаторская квартира, не самостоятельное средство размещения",
504,Апартаменты Квартира,Дербент,"Республика Дагестан, Дербент, улица Пушкина, 100",+7 (938) 200-90-01,,"Жильё посуточно, Гостиница",нет,,,,,,none,1,outdated,"Объявление жилья посуточно / агрегаторская квартира, не самостоятельное средство размещения",
505,Апартаменты Квартира 3х Комнатная в центре Города,Дербент,"Республика Дагестан, Дербент, улица Дрожжина, 1",+7 (928) 045-88-86,,"Жильё посуточно, Гостиница",нет,,,,,,none,1,outdated,"Объявление жилья посуточно / агрегаторская квартира, не самостоятельное средство размещения",
506,Апартаменты Квартира в Каспийске,Каспийск,"Республика Дагестан, Каспийск, проспект М. Омарова, 4",+7 (988) 647-85-35,,"Жильё посуточно, Гостиница",нет,,,,,,none,1,outdated,"Объявление жилья посуточно / агрегаторская квартира, не самостоятельное средство размещения",
507,Апартаменты Квартира в районе набережной,Дербент,"Республика Дагестан, Дербент, Приморская улица, 44Б",+7 (928) 511-89-80,,"Жильё посуточно, Гостиница",нет,,,,,,none,1,outdated,"Объявление жилья посуточно / агрегаторская квартира, не самостоятельное средство размещения",
508,Апартаменты Квартира в центре Города,Дербент,"Республика Дагестан, Дербент, улица Владимира Ленина, 74",+7 (928) 537-00-10,,"Жильё посуточно, Гостиница",нет,,,,,,none,1,outdated,"Объявление жилья посуточно / агрегаторская квартира, не самостоятельное средство размещения",
509,Апартаменты Квартира в центре города,Дербент,"Республика Дагестан, Дербент, улица Буйнакского, 68Б",+7 (928) 537-00-10,,"Жильё посуточно, Гостиница",нет,,,,,,none,1,outdated,"Объявление жилья посуточно / агрегаторская квартира, не самостоятельное средство размещения",
510,Апартаменты Квартира возле площади,Дербент,"Республика Дагестан, Дербент, улица Курбанова, 38",+7 (929) 878-95-55,,"Жильё посуточно, Гостиница",нет,,,,,,none,1,outdated,"Объявление жилья посуточно / агрегаторская квартира, не самостоятельное средство размещения",
511,Апартаменты Квартира на Набережной,Дербент,"Республика Дагестан, Дербент, улица Саида Габиева, 26",+7 (928) 876-76-53,,"Жильё посуточно, Гостиница",нет,,,,,,none,1,outdated,"Объявление жилья посуточно / агрегаторская квартира, не самостоятельное средство размещения",
512,Апартаменты Квартира Семейная у Моря,Дербент,"Республика Дагестан, Дербент, улица Буйнакского, 7",+7 (928) 555-68-80,,"Жильё посуточно, Гостиница",нет,,,,,,none,1,outdated,"Объявление жилья посуточно / агрегаторская квартира, не самостоятельное средство размещения",
517,Апартаменты Уютная квартира,Дербент,"Республика Дагестан, Дербент, Вокзальная улица, 27/1",+7 (918) 844-33-63,,"Жильё посуточно, Гостиница",нет,,,,,,none,1,outdated,"Объявление жилья посуточно / агрегаторская квартира, не самостоятельное средство размещения",
554,База отдыха,Табасаранский район,"Республика Дагестан, Табасаранский район, сельсовет Хапильский",,,"База, дом отдыха",нет,,,,,,none,1,outdated,Типовое название без телефона и собственного сайта — нельзя подтвердить в открытых источниках,
555,База отдыха,Гунибский район,"Республика Дагестан, Гунибский район, село Гонода",,,Турбаза,нет,,,,,,none,1,outdated,Типовое название без телефона и собственного сайта — нельзя подтвердить в открытых источниках,
556,База отдыха,Кизилюртовский район,"Республика Дагестан, Кизилюртовский район, сельское поселение Гельбах",,,Турбаза,нет,,,,,,none,1,outdated,Типовое название без телефона и собственного сайта — нельзя подтвердить в открытых источниках,
580,"База, дом отдыха",Махачкала,"Республика Дагестан, городской округ Махачкала, Береговая улица, 6",,,"База, дом отдыха",нет,,,,,,none,1,outdated,Типовое название без телефона и собственного сайта — нельзя подтвердить в открытых источниках,
582,"База, дом отдыха",Табасаранский район,"Республика Дагестан, Табасаранский район, село Хучни",,,"База, дом отдыха",нет,,,,,,none,1,outdated,Типовое название без телефона и собственного сайта — нельзя подтвердить в открытых источниках,
601,Берег,Махачкала,"Республика Дагестан, Махачкала, микрорайон Караман-5, улица Академика Омарова",,,"База, дом отдыха",нет,,,,,,none,1,outdated,Типовое название без телефона и собственного сайта — нельзя подтвердить в открытых источниках,
603,Берег,Избербаш,"Республика Дагестан, Избербаш, 1-я Береговая улица, 4А",,,Гостиница,нет,,,,,,none,1,outdated,Типовое название без телефона и собственного сайта — нельзя подтвердить в открытых источниках,
628,Вдохновение,Дагестан,"Республика Дагестан, село Новолакское",,,"База, дом отдыха, Гостиница",нет,,,,,,none,1,outdated,"Адрес не детализирован, контактов нет",
727,Гостевой дом,Дербент,"Республика Дагестан, Дербент, улица 1-й Магал, 108",+7 (964) 018-76-75,,"Гостевой дом, Жильё посуточно",нет,,,,,,none,1,outdated,"Объявление жилья посуточно / агрегаторская квартира, не самостоятельное средство размещения",
729,Гостевой дом,Гунибский район,"Республика Дагестан, Гунибский район, сельсовет Кегерский",,,"Гостевой дом, Гостиница",нет,,,,,,none,1,outdated,Типовое название без телефона и собственного сайта — нельзя подтвердить в открытых источниках,
730,Гостевой дом,Докузпаринский район,"Республика Дагестан, Докузпаринский район, село Куруш, улица Вини Мехле, 7",,,Гостевой дом,нет,,,,,,none,1,outdated,Типовое название без телефона и собственного сайта — нельзя подтвердить в открытых источниках,
735,Гостевой дом,Гуниб,"Республика Дагестан, село Гуниб, улица имени Имама Шамиля",,,"Гостевой дом, Гостиница",нет,,,,,,none,1,outdated,Типовое название без телефона и собственного сайта — нельзя подтвердить в открытых источниках,
737,Гостевой дом,Хунзахский район,"Республика Дагестан, Хунзахский район, село Мочох, Зелёная улица, 17",,,Гостевой дом,нет,,,,,,none,1,outdated,Типовое название без телефона и собственного сайта — нельзя подтвердить в открытых источниках,
739,Гостевой дом,Дагестанские Огни,"Республика Дагестан, Дагестанские Огни, проспект Михаила Ивановича Калинина, 8",,,"Гостевой дом, Гостиница",нет,,,,,,none,1,outdated,Типовое название без телефона и собственного сайта — нельзя подтвердить в открытых источниках,
740,Гостевой дом,Избербаш,"Республика Дагестан, Избербаш, Серная улица, 23Б",,,Гостевой дом,нет,,,,,,none,1,outdated,Типовое название без телефона и собственного сайта — нельзя подтвердить в открытых источниках,
743,Гостевой дом,Дербент,"Республика Дагестан, Дербент, улица Шеболдаева, 106",,,Гостевой дом,нет,,,,,,none,1,outdated,Типовое название без телефона и собственного сайта — нельзя подтвердить в открытых источниках,
745,Гостевой дом,Дербент,"Республика Дагестан, Дербент, Прибрежная улица",,,Гостевой дом,нет,,,,,,none,1,outdated,Типовое название без телефона и собственного сайта — нельзя подтвердить в открытых источниках,
747,Гостевой дом,Дербентский район,"Республика Дагестан, Дербентский район, село Хазар, улица Мира, 106",,,Гостевой дом,нет,,,,,,none,1,outdated,Типовое название без телефона и собственного сайта — нельзя подтвердить в открытых источниках,
751,Гостевой дом,Гуниб,"Республика Дагестан, село Гуниб, улица имени Имама Шамиля, 73",,,Турбаза,нет,,,,,,none,1,outdated,Типовое название без телефона и собственного сайта — нельзя подтвердить в открытых источниках,
753,Гостевой дом,Избербаш,"Республика Дагестан, Избербаш, улица Маршала Бирюзова, 53",,,Гостевой дом,нет,,,,,,none,1,outdated,Типовое название без телефона и собственного сайта — нельзя подтвердить в открытых источниках,
755,Гостевой дом,Дербентский район,"Республика Дагестан, Дербентский район, село Хазар",,,Гостевой дом,нет,,,,,,none,1,outdated,Типовое название без телефона и собственного сайта — нельзя подтвердить в открытых источниках,
758,Гостевой дом,Махачкала,"Республика Дагестан, Махачкала, микрорайон Научный Городок, Академическая улица, 27",,,Гостиница,нет,,,,,,none,1,outdated,Типовое название без телефона и собственного сайта — нельзя подтвердить в открытых источниках,
760,Гостевой дом,Каякентский район,"Республика Дагестан, Каякентский район, сельсовет Новокаякентский, село Инчхе, Морская улица, 76",,,Гостевой дом,нет,,,,,,none,1,outdated,Типовое название без телефона и собственного сайта — нельзя подтвердить в открытых источниках,
766,Гостевой дом,Избербаш,"Республика Дагестан, Избербаш, ДНТ Каспий, 4",,,Гостевой дом,нет,,,,,,none,1,outdated,Типовое название без телефона и собственного сайта — нельзя подтвердить в открытых источниках,
772,Гостевой дом,Дагестан,Республика Дагестан,,,Гостевой дом,нет,,,,,,none,1,outdated,Типовое название без телефона и собственного сайта — нельзя подтвердить в открытых источниках,
774,Гостевой дом,Хунзахский район,"Республика Дагестан, Хунзахский район, село Сиух, улица Далгатова, 29",,,Гостевой дом,нет,,,,,,none,1,outdated,Типовое название без телефона и собственного сайта — нельзя подтвердить в открытых источниках,
779,Гостевой дом,Дербент,"Республика Дагестан, Дербент, улица имени Хизгила Авшалумова, 43","+7 (928) 592-93-62, +7 (928) 563-97-90",,"Гостевой дом, Жильё посуточно",нет,,,,,,none,1,outdated,"Объявление жилья посуточно / агрегаторская квартира, не самостоятельное средство размещения",
780,Гостевой дом,Дербент,"Республика Дагестан, Дербент, улица Гуручай, 2",,,Гостевой дом,нет,,,,,,none,1,outdated,Типовое название без телефона и собственного сайта — нельзя подтвердить в открытых источниках,
782,Гостевой дом,Махачкала,"Махачкала, караман - 4, А2",,,"Гостевой дом, Гостиница",нет,,,,,,none,1,outdated,Типовое название без телефона и собственного сайта — нельзя подтвердить в открытых источниках,
784,Гостевой дом,Табасаранский район,"Республика Дагестан, Табасаранский район, село Хучни",+7 (988) 301-50-87,,"Гостевой дом, Жильё посуточно",нет,,,,,,none,1,outdated,"Объявление жилья посуточно / агрегаторская квартира, не самостоятельное средство размещения",
785,Гостевой дом,Избербаш,"Республика Дагестан, Избербаш, 4-я Приморская улица, 54",,,Гостевой дом,нет,,,,,,none,1,outdated,Типовое название без телефона и собственного сайта — нельзя подтвердить в открытых источниках,
787,Гостевой дом,Дербент,"Республика Дагестан, Дербент, Трудовая улица, 42",,,"Гостевой дом, Гостиница",нет,,,,,,none,1,outdated,Типовое название без телефона и собственного сайта — нельзя подтвердить в открытых источниках,
791,Гостевой дом,Карабудахкентский район,"Республика Дагестан, Карабудахкентский район, хутор Турали 4-е",,,Гостевой дом,нет,,,,,,none,1,outdated,Типовое название без телефона и собственного сайта — нельзя подтвердить в открытых источниках,
794,Гостевой дом,Дербент,"Республика Дагестан, Дербент, улица М. Далгата, 5",,,"Гостевой дом, Гостиница",нет,,,,,,none,1,outdated,Типовое название без телефона и собственного сайта — нельзя подтвердить в открытых источниках,
800,Гостевой дом,Докузпаринский район,"Республика Дагестан, Докузпаринский район, село Куруш, улица Кулдирар, 6",,,Хостел,нет,,,,,,none,1,outdated,Типовое название без телефона и собственного сайта — нельзя подтвердить в открытых источниках,
801,Гостевой дом,Карабудахкентский район,"Республика Дагестан, Карабудахкентский район, хутор Турали 4-е",,,"Гостевой дом, Жильё посуточно",нет,,,,,,none,1,outdated,"Объявление жилья посуточно / агрегаторская квартира, не самостоятельное средство размещения",
802,Гостевой дом,Акушинский Район,"Республика Дагестан, Акушинский район, сельсовет Цугнинский, село Ургани",,,Гостевой дом,нет,,,,,,none,1,outdated,Типовое название без телефона и собственного сайта — нельзя подтвердить в открытых источниках,
807,Гостевой дом 1,Карабудахкентский район,"Республика Дагестан, Карабудахкентский район, сельское поселение Манаскент, село Манаскент, Манасское взморье",,,"База, дом отдыха",нет,,,,,,none,1,outdated,Типовое название без телефона и собственного сайта — нельзя подтвердить в открытых источниках,
809,Гостевой дом 2,Карабудахкентский район,"Республика Дагестан, Карабудахкентский район, сельское поселение Манаскент, село Манаскент, Манасское взморье",,,"База, дом отдыха",нет,,,,,,none,1,outdated,Типовое название без телефона и собственного сайта — нельзя подтвердить в открытых источниках,
811,Гостевой дом 3,Карабудахкентский район,"Республика Дагестан, Карабудахкентский район, сельское поселение Манаскент, село Манаскент, Манасское взморье",,,"База, дом отдыха",нет,,,,,,none,1,outdated,Типовое название без телефона и собственного сайта — нельзя подтвердить в открытых источниках,
813,Гостевой дом 4,Карабудахкентский район,"Республика Дагестан, Карабудахкентский район, сельское поселение Манаскент, село Манаскент, Манасское взморье",,,"База, дом отдыха",нет,,,,,,none,1,outdated,Типовое название без телефона и собственного сайта — нельзя подтвердить в открытых источниках,
815,Гостевой дом 5,Карабудахкентский район,"Республика Дагестан, Карабудахкентский район, сельское поселение Манаскент, село Манаскент, Манасское взморье",,,"База, дом отдыха",нет,,,,,,none,1,outdated,Типовое название без телефона и собственного сайта — нельзя подтвердить в открытых источниках,
817,Гостевой дом 6,Карабудахкентский район,"Республика Дагестан, Карабудахкентский район, сельское поселение Манаскент, село Манаскент, Манасское взморье",,,"База, дом отдыха",нет,,,,,,none,1,outdated,Типовое название без телефона и собственного сайта — нельзя подтвердить в открытых источниках,
818,Гостевой дом 7,Карабудахкентский район,"Республика Дагестан, Карабудахкентский район, сельское поселение Манаскент, село Манаскент, Манасское взморье",,,"База, дом отдыха",нет,,,,,,none,1,outdated,Типовое название без телефона и собственного сайта — нельзя подтвердить в открытых источниках,
819,Гостевой дом 8,Карабудахкентский район,"Республика Дагестан, Карабудахкентский район, сельское поселение Манаскент, село Манаскент, Манасское взморье",,,"База, дом отдыха",нет,,,,,,none,1,outdated,Типовое название без телефона и собственного сайта — нельзя подтвердить в открытых источниках,
881,Гостевой дом на улице Кирова 28,Каспийск,"Республика Дагестан, Каспийск, улица Кирова, 28",+7 (929) 431-19-31,,"Гостевой дом, Гостиница",нет,,,,,,none,1,outdated,Агрегаторская или частная квартира / автосгенерированное объявление,
882,Гостевой дом на улице Рихарда Зорге,Избербаш,"Республика Дагестан, Избербаш, улица имени Р. Зорге, 38А",,,Гостевой дом,нет,,,,,,none,1,outdated,Агрегаторская или частная квартира / автосгенерированное объявление,
893,Гостевой дом Самур,Дагестан,"Республика Дагестан, Национальный парк Самурский",,,Гостевой дом,нет,,,,,,none,1,outdated,"Адрес не детализирован, контактов нет",
896,Гостевой дом Татиль,Дагестан,"Республика Дагестан, 82К-018",,,"Гостевой дом, Гостиница, Пекарня",нет,,,,,,none,1,outdated,"Адрес не детализирован, контактов нет",
939,Гостиница,Махачкала,"Республика Дагестан, Махачкала, проспект Насрутдинова, 272Б, корп. 1",,,Гостиница,нет,,,,,,none,1,outdated,Типовое название без телефона и собственного сайта — нельзя подтвердить в открытых источниках,
941,Гостиница,Каякентский район,"Республика Дагестан, Каякентский район, сельсовет Новокаякентский",,,Гостиница,нет,,,,,,none,1,outdated,Типовое название без телефона и собственного сайта — нельзя подтвердить в открытых источниках,
944,Гостиница,Ахты,"Республика Дагестан, село Ахты, улица Абдулжелила Идрисова",,,Гостиница,нет,,,,,,none,1,outdated,Типовое название без телефона и собственного сайта — нельзя подтвердить в открытых источниках,
946,Гостиница,Дербент,"Республика Дагестан, Дербент, улица Тахо-Годи, 10Б",,,Гостиница,нет,,,,,,none,1,outdated,Типовое название без телефона и собственного сайта — нельзя подтвердить в открытых источниках,
947,Гостиница,Карабудахкентский район,"Республика Дагестан, Карабудахкентский район, Р-217 Кавказ, 842-й километр, 1/5",,,Гостиница,нет,,,,,,none,1,outdated,Типовое название без телефона и собственного сайта — нельзя подтвердить в открытых источниках,
948,Гостиница,Дербент,"Республика Дагестан, Дербент, улица 345-й Дагестанской Стрелковой Дивизии, 8/2",,,Гостиница,нет,,,,,,none,1,outdated,Типовое название без телефона и собственного сайта — нельзя подтвердить в открытых источниках,
949,Гостиница,Табасаранский район,"Республика Дагестан, Табасаранский район, село Новое Лидже, Аракская улица, 36",,,Гостиница,нет,,,,,,none,1,outdated,Типовое название без телефона и собственного сайта — нельзя подтвердить в открытых источниках,
950,Гостиница,Дербент,"Республика Дагестан, Дербент, СТ Заря, Тополевая улица",,,Гостиница,нет,,,,,,none,1,outdated,Типовое название без телефона и собственного сайта — нельзя подтвердить в открытых источниках,
953,Гостиница,Кизлярский район,"Республика Дагестан, Кизлярский район, село Кардоновка, улица Ленина",,,Гостиница,нет,,,,,,none,1,outdated,Типовое название без телефона и собственного сайта — нельзя подтвердить в открытых источниках,
955,Гостиница,Южно-Сухокумск,"Республика Дагестан, Южно-Сухокумск",,,Гостиница,нет,,,,,,none,1,outdated,Типовое название без телефона и собственного сайта — нельзя подтвердить в открытых источниках,
956,Гостиница,Дербент,"Республика Дагестан, Дербент, Строительная улица, 29",,,Гостиница,нет,,,,,,none,1,outdated,Типовое название без телефона и собственного сайта — нельзя подтвердить в открытых источниках,
958,Гостиница,Новолакский район,"Республика Дагестан, Новолакский район, село Новокули, Школьная улица, 14А/4",,,Гостиница,нет,,,,,,none,1,outdated,Типовое название без телефона и собственного сайта — нельзя подтвердить в открытых источниках,
959,Гостиница,Докузпаринский район,"Республика Дагестан, Докузпаринский район, сельское поселение Мискинджа",,,Гостиница,нет,,,,,,none,1,outdated,Типовое название без телефона и собственного сайта — нельзя подтвердить в открытых источниках,
961,Гостиница,Кизилюрт,"Республика Дагестан, город Кизилюрт, улица Аскерханова, 4А",,,Гостиница,нет,,,,,,none,1,outdated,Типовое название без телефона и собственного сайта — нельзя подтвердить в открытых источниках,
966,Гостиница,Сулейман-Стальский район,"Республика Дагестан, Сулейман-Стальский район, село Новая Мака, улица В. Ленина, 41В",,,Гостиница,нет,,,,,,none,1,outdated,Типовое название без телефона и собственного сайта — нельзя подтвердить в открытых источниках,
967,Гостиница,Кизилюртовский район,"Республика Дагестан, Кизилюртовский район, сельское поселение Миатли",,,Гостиница,нет,,,,,,none,1,outdated,Типовое название без телефона и собственного сайта — нельзя подтвердить в открытых источниках,
972,Гостиница,Новолакский район,"Республика Дагестан, Новолакский район, сельсовет Дучинский",,,"Гостиница, Кафе",нет,,,,,,none,1,outdated,Типовое название без телефона и собственного сайта — нельзя подтвердить в открытых источниках,
973,Гостиница,Дербентский район,"Республика Дагестан, Дербентский район",,,Гостиница,нет,,,,,,none,1,outdated,Типовое название без телефона и собственного сайта — нельзя подтвердить в открытых источниках,
974,Гостиница,Избербаш,"Республика Дагестан, Избербаш, Приморская улица, 69",,,Гостиница,да,С052025018194,Отель «Ramina Family»,Действует,0554007603,1210500005484,none,1,outdated,Типовое название без телефона и собственного сайта — нельзя подтвердить в открытых источниках,
975,Гостиница,Каякентский район,"Республика Дагестан, Каякентский район, сельсовет Новокаякентский, село Инчхе, Вокзальная улица, 4",,,Гостиница,нет,,,,,,none,1,outdated,Типовое название без телефона и собственного сайта — нельзя подтвердить в открытых источниках,
977,Гостиница,Каякентский район,"Республика Дагестан, Каякентский район, сельсовет Новокаякентский, село Инчхе, Морская улица, 14",,,Гостиница,нет,,,,,,none,1,outdated,Типовое название без телефона и собственного сайта — нельзя подтвердить в открытых источниках,
981,Гостиница,Махачкала,"Республика Дагестан, городской округ Махачкала, микрорайон Караман-4",,,Гостиница,нет,,,,,,none,1,outdated,Типовое название без телефона и собственного сайта — нельзя подтвердить в открытых источниках,
982,Гостиница,Буйнакск,"Республика Дагестан, Буйнакск, улица Ленина, 120",+7 (931) 236-43-13,,"Гостиница, Жильё посуточно",нет,,,,,,none,1,outdated,"Объявление жилья посуточно / агрегаторская квартира, не самостоятельное средство размещения",
985,Гостиница,Ахтынский район,"Республика Дагестан, Ахтынский район, село Курукал, 1-й тупик",,,Гостиница,нет,,,,,,none,1,outdated,Типовое название без телефона и собственного сайта — нельзя подтвердить в открытых источниках,
987,Гостиница,Махачкала,"Республика Дагестан, городской округ Махачкала, микрорайон Караман-5",,,Гостиница,нет,,,,,,none,1,outdated,Типовое название без телефона и собственного сайта — нельзя подтвердить в открытых источниках,
988,Гостиница,Каякентский район,"Республика Дагестан, Каякентский район, сельсовет Новокаякентский",,,Гостиница,нет,,,,,,none,1,outdated,Типовое название без телефона и собственного сайта — нельзя подтвердить в открытых источниках,
989,Гостиница,Левашинский район,"Республика Дагестан, Левашинский район, сельское поселение Нижнее Чугли",,,Гостиница,нет,,,,,,none,1,outdated,Типовое название без телефона и собственного сайта — нельзя подтвердить в открытых источниках,
990,Гостиница,Хунзахский район,"Республика Дагестан, Хунзахский район, село Гоцатль Малый, Нижняя улица, 143",,,Гостиница,нет,,,,,,none,1,outdated,Типовое название без телефона и собственного сайта — нельзя подтвердить в открытых источниках,
992,Гостиница,Дербент,"Республика Дагестан, Дербент, улица Юрия Гагарина, 2Г",,,Гостиница,нет,,,,,,none,1,outdated,Типовое название без телефона и собственного сайта — нельзя подтвердить в открытых источниках,
993,Гостиница,Кизлярский район,"Республика Дагестан, Кизлярский район, сельсовет Новокохановский",,,Гостиница,нет,,,,,,none,1,outdated,Типовое название без телефона и собственного сайта — нельзя подтвердить в открытых источниках,
994,Гостиница,Дагестан,Республика Дагестан,,,Гостиница,нет,,,,,,none,1,outdated,Типовое название без телефона и собственного сайта — нельзя подтвердить в открытых источниках,
995,Гостиница,Махачкала,"Республика Дагестан, городской округ Махачкала, Кировский внутригородской район",,,Гостиница,нет,,,,,,none,1,outdated,Типовое название без телефона и собственного сайта — нельзя подтвердить в открытых источниках,
996,Гостиница,Кулинский район,"Республика Дагестан, Кулинский район, село Хойхи, улица Сулейманова",,,Гостиница,нет,,,,,,none,1,outdated,Типовое название без телефона и собственного сайта — нельзя подтвердить в открытых источниках,
997,Гостиница,Махачкала,"Республика Дагестан, городской округ Махачкала, посёлок городского типа Семендер, Кумухская улица, 50",,,Гостиница,нет,,,,,,none,1,outdated,Типовое название без телефона и собственного сайта — нельзя подтвердить в открытых источниках,
999,Гостиница,Гумбетовский район,"Республика Дагестан, Гумбетовский район, село Старый Сивух, улица Галбацдибира Хайбулаева, 5",,,Гостиница,нет,,,,,,none,1,outdated,Типовое название без телефона и собственного сайта — нельзя подтвердить в открытых источниках,
1000,Гостиница,Новолакский район,"Республика Дагестан, Новолакский район, село Чапаево, улица Сурхай-хана",,,Гостиница,нет,,,,,,none,1,outdated,Типовое название без телефона и собственного сайта — нельзя подтвердить в открытых источниках,
1001,Гостиница,Гунибский район,"Республика Дагестан, Гунибский район, село Хоточ, Хоточинская улица",,,Гостиница,нет,,,,,,none,1,outdated,Типовое название без телефона и собственного сайта — нельзя подтвердить в открытых источниках,
1003,Гостиница,Дербент,"Республика Дагестан, Дербент, Локомотивная улица, 14",,,Гостиница,нет,,,,,,none,1,outdated,Типовое название без телефона и собственного сайта — нельзя подтвердить в открытых источниках,
1004,Гостиница,Дербент,"Республика Дагестан, Дербент, улица Моряков",,,Гостиница,нет,,,,,,none,1,outdated,Типовое название без телефона и собственного сайта — нельзя подтвердить в открытых источниках,
1007,Гостиница,Кумторкалинский район,"Республика Дагестан, Кумторкалинский район, садовые участки Караман-2, 2-я Ругуджинская линия, 16",,,"Гостиница, Кафе",нет,,,,,,none,1,outdated,Типовое название без телефона и собственного сайта — нельзя подтвердить в открытых источниках,
1009,Гостиница,Дербент,"Республика Дагестан, Дербент, улица Юзбекова, 5",,,Гостиница,нет,,,,,,none,1,outdated,Типовое название без телефона и собственного сайта — нельзя подтвердить в открытых источниках,
1010,Гостиница,Дербент,"Республика Дагестан, Дербент, Предгорная улица, 12",,,Гостиница,нет,,,,,,none,1,outdated,Типовое название без телефона и собственного сайта — нельзя подтвердить в открытых источниках,
1012,Гостиница 013,Махачкала,"Республика Дагестан, городской округ Махачкала, село Шамхал-Термен, Загородное шоссе, 30",,,Гостиница,нет,,,,,,none,1,outdated,Типовое название без телефона и собственного сайта — нельзя подтвердить в открытых источниках,
1013,Гостиница 1364270,Гуниб,"Республика Дагестан, село Гуниб, улица Абдурахмана Газиева,7",,,Гостиница,нет,,,,,,none,1,outdated,Типовое название без телефона и собственного сайта — нельзя подтвердить в открытых источниках,
1014,Гостиница 17,Дербент,"Республика Дагестан, Дербент, улица Кобякова, 27",,,Гостиница,нет,,,,,,none,1,outdated,Типовое название без телефона и собственного сайта — нельзя подтвердить в открытых источниках,
1027,Гостиница на улице Юрия Гагарина 25,Дербент,"Республика Дагестан, Дербент, улица Юрия Гагарина, 25",,,Гостиница,нет,,,,,,none,1,outdated,Агрегаторская или частная квартира / автосгенерированное объявление,
1041,Гостиничный комплекс,Карабудахкентский район,"Республика Дагестан, Карабудахкентский район, хутор Турали 4-е",,,Гостиница,нет,,,,,,none,1,outdated,Типовое название без телефона и собственного сайта — нельзя подтвердить в открытых источниках,
1085,Двухкомнатная квартира,Махачкала,"Республика Дагестан, Махачкала, улица Тулпара Мусалаева, 4",+7 (928) 518-04-30,,Гостиница,нет,,,,,,none,1,outdated,Агрегаторская или частная квартира / автосгенерированное объявление,
1086,Двухкомнатная квартира,Каспийск,"Республика Дагестан, Каспийск, улица Магомедали Магомеджановa, 4",+7 (964) 331-66-66,,"Жильё посуточно, Гостиница",нет,,,,,,none,1,outdated,"Объявление жилья посуточно / агрегаторская квартира, не самостоятельное средство размещения",
1105,Дом,Махачкала,"Республика Дагестан, Махачкала, 4-я Аварская улица, 2",,,"Жильё посуточно, Гостиница",нет,,,,,,none,1,outdated,"Объявление жилья посуточно / агрегаторская квартира, не самостоятельное средство размещения",
1128,Дом отдыха,Магарамкентский район,"Республика Дагестан, Магарамкентский район, сельсовет Новоаульский, село Новый Аул, улица Исаева Фарида Арзумановича",,,"База, дом отдыха",нет,,,,,,none,1,outdated,Типовое название без телефона и собственного сайта — нельзя подтвердить в открытых источниках,
1129,Дом отдыха,Махачкала,"Республика Дагестан, городской округ Махачкала, микрорайон Караман-4",,,"База, дом отдыха",нет,,,,,,none,1,outdated,Типовое название без телефона и собственного сайта — нельзя подтвердить в открытых источниках,
1131,Дом отдыха,Махачкала,"Республика Дагестан, городской округ Махачкала, микрорайон Караман-4",,,"База, дом отдыха",нет,,,,,,none,1,outdated,Типовое название без телефона и собственного сайта — нельзя подтвердить в открытых источниках,
1133,Дом отдыха,Карабудахкентский район,"Республика Дагестан, Карабудахкентский район, сельское поселение Уллубийаул",,,"База, дом отдыха",нет,,,,,,none,1,outdated,Типовое название без телефона и собственного сайта — нельзя подтвердить в открытых источниках,
1135,Дом отдыха,Дербент,"Республика Дагестан, Дербент, улица Энергетиков, 33",,,"База, дом отдыха",нет,,,,,,none,1,outdated,Типовое название без телефона и собственного сайта — нельзя подтвердить в открытых источниках,
1136,Дом отдыха,Дербент,"Республика Дагестан, Дербент, улица Шеболдаева, 39А",,,"База, дом отдыха",нет,,,,,,none,1,outdated,Типовое название без телефона и собственного сайта — нельзя подтвердить в открытых источниках,
1138,Дом отдыха,Гунибский район,"Республика Дагестан, Гунибский район, село Нижний Кегер, 1",,,"База, дом отдыха",нет,,,,,,none,1,outdated,Типовое название без телефона и собственного сайта — нельзя подтвердить в открытых источниках,
1142,Дом отдыха,Гумбетовский район,"Республика Дагестан, Гумбетовский район, сельсовет Мехельтинский",,,"База, дом отдыха",нет,,,,,,none,1,outdated,Типовое название без телефона и собственного сайта — нельзя подтвердить в открытых источниках,
1143,Дом отдыха,Магарамкентский район,"Республика Дагестан, Магарамкентский район, сельсовет Бильбильский, село Приморский",,,"База, дом отдыха",нет,,,,,,none,1,outdated,Типовое название без телефона и собственного сайта — нельзя подтвердить в открытых источниках,
1144,Дом отдыха,Каякентский район,"Республика Дагестан, Каякентский район, село Новокаякент",,,"База, дом отдыха",нет,,,,,,none,1,outdated,Типовое название без телефона и собственного сайта — нельзя подтвердить в открытых источниках,
1150,Дом посуточно,Магарамкентский район,"Республика Дагестан, Магарамкентский район, село Приморский, Заречная улица, 14",+7 (989) 656-03-20,,"База, дом отдыха",нет,,,,,,none,1,outdated,Агрегаторская или частная квартира / автосгенерированное объявление,
1153,Дом у моря,Махачкала,"Республика Дагестан, городской округ Махачкала, микрорайон Караман-4",,,"База, дом отдыха",нет,,,,,,none,1,outdated,Типовое название без телефона и собственного сайта — нельзя подтвердить в открытых источниках,
1157,Дом у Моря,Дербент,"Республика Дагестан, Дербент, Садовая улица, 8А",,,"Жильё посуточно, Гостиница",нет,,,,,,none,1,outdated,"Объявление жилья посуточно / агрегаторская квартира, не самостоятельное средство размещения",
1167,Дом у моря,Махачкала,"Республика Дагестан, городской округ Махачкала, Береговая улица, 4",,,"База, дом отдыха",нет,,,,,,none,1,outdated,Типовое название без телефона и собственного сайта — нельзя подтвердить в открытых источниках,
1168,Дом у моря,Махачкала,"Республика Дагестан, городской округ Махачкала, улица Кизлярская лагуна, 14",,,"База, дом отдыха",нет,,,,,,none,1,outdated,Типовое название без телефона и собственного сайта — нельзя подтвердить в открытых источниках,
1170,Дом у моря,Махачкала,"Республика Дагестан, Махачкала, микрорайон Караман-4",+7 (988) 293-50-18,,"Жильё посуточно, База, дом отдыха",нет,,,,,,none,1,outdated,"Объявление жилья посуточно / агрегаторская квартира, не самостоятельное средство размещения",
1173,Дом у моря,Махачкала,"Республика Дагестан, городской округ Махачкала, Академическая улица, 18А",+7 (928) 670-38-00,,"Жильё посуточно, База, дом отдыха",нет,,,,,,none,1,outdated,"Объявление жилья посуточно / агрегаторская квартира, не самостоятельное средство размещения",
1177,Дом у моря,Карабудахкентский район,"Республика Дагестан, Карабудахкентский район, село Зеленоморск, 6-я Лазурная улица, 6",+7 (928) 507-80-08,,"Жильё посуточно, База, дом отдыха",нет,,,,,,none,1,outdated,"Объявление жилья посуточно / агрегаторская квартира, не самостоятельное средство размещения",
1221,Домик у моря,Махачкала,"Республика Дагестан, городской округ Махачкала",+7 (988) 260-53-44,,"Жильё посуточно, Гостиница",нет,,,,,,none,1,outdated,"Объявление жилья посуточно / агрегаторская квартира, не самостоятельное средство размещения",
1224,Домик у моря,Каякентский район,"Республика Дагестан, Каякентский район, сельское поселение Первомайское, село Первомайское, Песчаная улица, 26",,,"База, дом отдыха",нет,,,,,,none,1,outdated,Типовое название без телефона и собственного сайта — нельзя подтвердить в открытых источниках,
1226,Домик у моря,Избербаш,"Республика Дагестан, Избербаш, посёлок Рыбный",,,"Жильё посуточно, Гостиница",нет,,,,,,none,1,outdated,"Объявление жилья посуточно / агрегаторская квартира, не самостоятельное средство размещения",
1232,Домик у Моря 666,Дагестан,"Республика Дагестан, улица Золотых Песков",,,"База, дом отдыха",нет,,,,,,none,1,outdated,"Адрес не детализирован, контактов нет",
1244,Домики в стиле Барнхаус,Дагестан,"Республика Дагестан, 82К-025",,,"База, дом отдыха",нет,,,,,,none,1,outdated,"Адрес не детализирован, контактов нет",
1286,Жилое Помещение Трёхкомнатная Квартира Посуточно,Каспийск,"Республика Дагестан, Каспийск, проспект М. Омарова, 4",+7 (928) 525-76-25,,"Жильё посуточно, Гостиница",нет,,,,,,none,1,outdated,"Объявление жилья посуточно / агрегаторская квартира, не самостоятельное средство размещения",
1287,Жилье посуточно,Хунзахский район,"Республика Дагестан, Хунзахский район",+7 (963) 423-52-90,,Гостевой дом,нет,,,,,,none,1,outdated,Агрегаторская или частная квартира / автосгенерированное объявление,
1288,Жильё посуточно,Махачкала,"Республика Дагестан, Махачкала, улица Даниялова, 101",+7 (960) 413-12-22,,"Жильё посуточно, Гостиница",нет,,,,,,none,1,outdated,"Объявление жилья посуточно / агрегаторская квартира, не самостоятельное средство размещения",
1289,Жильё посуточно,Махачкала,"Республика Дагестан, Махачкала, Московская улица, 388",+7 (928) 554-90-22,,"Жильё посуточно, Хостел",нет,,,,,,none,1,outdated,"Объявление жилья посуточно / агрегаторская квартира, не самостоятельное средство размещения",
1354,Как дома 05 на улице Гаруна Курбанова,Махачкала,"Республика Дагестан, Махачкала, улица Гаруна Курбанова, 13",,,Гостиница,нет,,,,,,none,1,outdated,Агрегаторская или частная квартира / автосгенерированное объявление,
1376,Каролина,Дагестан,Республика Дагестан,,,Гостевой дом,нет,,,,,,none,1,outdated,Нет адреса и контактов,
1385,Квартира,Каспийск,"Республика Дагестан, Каспийск, улица Ленина, 54",,,Хостел,нет,,,,,,none,1,outdated,Агрегаторская или частная квартира / автосгенерированное объявление,
1386,Квартира в центре,Махачкала,"Республика Дагестан, Махачкала, проспект Гамидова, 49, корп. 9",+7 (928) 415-96-25,,"Жильё посуточно, Гостиница",нет,,,,,,none,1,outdated,"Объявление жилья посуточно / агрегаторская квартира, не самостоятельное средство размещения",
1387,Квартира в центре города,Дербент,"Республика Дагестан, Дербент, улица Орджоникидзе, 5",+7 (960) 417-17-73,,"База, дом отдыха",нет,,,,,,none,1,outdated,Агрегаторская или частная квартира / автосгенерированное объявление,
1388,Квартира в центре Дербента,Дербент,"Республика Дагестан, Дербент, улица Мира, 8",+7 (938) 200-90-01,,"База, дом отдыха",нет,,,,,,none,1,outdated,Агрегаторская или частная квартира / автосгенерированное объявление,
1389,Квартира в центре Махачкалы у моря,Махачкала,"Республика Дагестан, Махачкала, улица Заманова, 47Д",+7 (963) 797-20-90,,Гостиница,нет,,,,,,none,1,outdated,Агрегаторская или частная квартира / автосгенерированное объявление,
1390,Квартира на берегу моря в Избербаше,Избербаш,"Республика Дагестан, Избербаш, квартал Головная Нефтекачка, 1",+7 (960) 413-12-92,,"База, дом отдыха",нет,,,,,,none,1,outdated,Агрегаторская или частная квартира / автосгенерированное объявление,
1391,Квартира на вокзале,Дербент,"Республика Дагестан, Дербент, улица Кобякова, 24к2",+7 (999) 311-11-87,,"Жильё посуточно, Гостиница",нет,,,,,,none,1,outdated,"Объявление жилья посуточно / агрегаторская квартира, не самостоятельное средство размещения",
1392,Квартира посуточно в Махачкале,Махачкала,"Республика Дагестан, Махачкала, Губденская улица, 37",+7 (916) 057-80-44,,Гостиница,нет,,,,,,none,1,outdated,Агрегаторская или частная квартира / автосгенерированное объявление,
1393,Квартира с видом на крепость Нарын-Кала,Дербент,"Республика Дагестан, Дербент, улица Сальмана, 58/9",+7 (928) 547-91-60,,"База, дом отдыха",нет,,,,,,none,1,outdated,Агрегаторская или частная квартира / автосгенерированное объявление,
1394,Квартирка для гостей,Махачкала,"Республика Дагестан, Махачкала, Хушетское шоссе, 22к1",+7 (960) 060-88-85,,"База, дом отдыха",нет,,,,,,none,1,outdated,Агрегаторская или частная квартира / автосгенерированное объявление,
1395,Кемпинг,Буйнакский район,"Республика Дагестан, Буйнакский район, сельское поселение Чиркей",,,Кемпинг,нет,,,,,,none,1,outdated,Типовое название без телефона и собственного сайта — нельзя подтвердить в открытых источниках,
1397,Кемпинг,Казбековский район,"Республика Дагестан, Казбековский район, Сулакский каньон",,,Кемпинг,нет,,,,,,none,1,outdated,Типовое название без телефона и собственного сайта — нельзя подтвердить в открытых источниках,
1401,Кемпинг,Махачкала,"Республика Дагестан, Махачкала, проспект Насрутдинова, 272А, корп. 3",,,Кемпинг,нет,,,,,,none,1,outdated,Типовое название без телефона и собственного сайта — нельзя подтвердить в открытых источниках,
1429,Коттедж на улице Шеболдаева 27,Дербент,"Республика Дагестан, Дербент, улица Шеболдаева, 27",,,"Гостевой дом, Гостиница",нет,,,,,,none,1,outdated,Агрегаторская или частная квартира / автосгенерированное объявление,
1523,Мини отель,Махачкала,"Республика Дагестан, Махачкала, Аликолобская улица, 14А/1",,,Гостиница,нет,,,,,,none,1,outdated,Типовое название без телефона и собственного сайта — нельзя подтвердить в открытых источниках,
1547,Морская вилла,Дагестан,Республика Дагестан,,,Гостевой дом,нет,,,,,,none,1,outdated,Нет адреса и контактов,
1621,Отель,Избербаш,"Республика Дагестан, Избербаш, улица имени Р. Зорге, 54А",,,Гостиница,нет,,,,,,none,1,outdated,Типовое название без телефона и собственного сайта — нельзя подтвердить в открытых источниках,
1622,Отель,Дагестан,"Республика Дагестан, 82 К-133",,,Гостиница,нет,,,,,,none,1,outdated,Типовое название без телефона и собственного сайта — нельзя подтвердить в открытых источниках,
1623,Отель,Избербаш,"Республика Дагестан, Избербаш, посёлок Приморский",,,Гостиница,нет,,,,,,none,1,outdated,Типовое название без телефона и собственного сайта — нельзя подтвердить в открытых источниках,
1633,Отель Z,Кизилюрт,"Республика Дагестан, город Кизилюрт, площадь Героев, 1",,,Гостиница,нет,,,,,,none,1,outdated,Типовое название без телефона и собственного сайта — нельзя подтвердить в открытых источниках,
1758,Санаторий,Карабудахкентский район,"Республика Дагестан, Карабудахкентский район",,,Санаторий,нет,,,,,,none,1,outdated,Типовое название без телефона и собственного сайта — нельзя подтвердить в открытых источниках,
1768,Сапар,Дагестан,"Республика Дагестан, 82К-038",,,Гостиница,нет,,,,,,none,1,outdated,"Адрес не детализирован, контактов нет",
1835,Суточно. Про,Каспийск,"Республика Дагестан, Каспийск, проспект Акулиничева, 33А",,,Гостиница,нет,,,,,,none,1,outdated,Агрегаторская или частная квартира / автосгенерированное объявление,
1836,Суточно. Про,Каспийск,"Республика Дагестан, Каспийск, проспект М. Омарова, 14А",,,Гостиница,нет,,,,,,none,1,outdated,Агрегаторская или частная квартира / автосгенерированное объявление,
1837,Суточно. Про,Махачкала,"Республика Дагестан, Махачкала, проспект Насрутдинова, 57",,,Гостиница,нет,,,,,,none,1,outdated,Агрегаторская или частная квартира / автосгенерированное объявление,
1838,Суточно. Про,Махачкала,"Республика Дагестан, Махачкала, улица Даниялова, 101",,,Гостиница,нет,,,,,,none,1,outdated,Агрегаторская или частная квартира / автосгенерированное объявление,
1839,Суточно. Про,Махачкала,"Республика Дагестан, Махачкала, улица Устарбекова, 19А",,,Гостиница,нет,,,,,,none,1,outdated,Агрегаторская или частная квартира / автосгенерированное объявление,
1919,У Тагира,Дагестан,Республика Дагестан,,,"База, дом отдыха",нет,,,,,,none,1,outdated,Нет адреса и контактов,
1928,"Улица 2-я Линия, 44",Каспийск,"Республика Дагестан, Каспийск, территория СНТ Весна, улица 2-я Линия, 44",,,Гостиница,нет,,,,,,none,1,outdated,Агрегаторская или частная квартира / автосгенерированное объявление,
1929,"Улица Амет-хан Султана, 6/6",Каспийск,"Республика Дагестан, Каспийск, улица Амет-хан Султана, 6/6",,,"Жильё посуточно, Гостиница",нет,,,,,,none,1,outdated,"Объявление жилья посуточно / агрегаторская квартира, не самостоятельное средство размещения",
1940,Уют,Новолакский район,"Республика Дагестан, Новолакский район, территория Новострой",,,"База, дом отдыха",нет,,,,,,none,1,outdated,Типовое название без телефона и собственного сайта — нельзя подтвердить в открытых источниках,
1944,Уютная квартира в центре Дербента,Дербент,"Республика Дагестан, Дербент, улица Пушкина, 8",+7 (928) 047-58-23,https://derbentarenda.bookonline24.ru/,"Жильё посуточно, Гостевой дом",нет,,,,,,live,1,outdated,"Объявление жилья посуточно / агрегаторская квартира, не самостоятельное средство размещения",
1994,Хостел,Левашинский район,"Республика Дагестан, Левашинский район, микрорайон Уркка-Диркьа",,,Хостел,нет,,,,,,none,1,outdated,Типовое название без телефона и собственного сайта — нельзя подтвердить в открытых источниках,
2015,Частный дом,Курахский район,"Республика Дагестан, Курахский район, сельсовет Моллакентский, село Арабляр, улица Лермонтова, 1",+7 (921) 849-59-72,,"Жильё посуточно, Гостиница",нет,,,,,,none,1,outdated,"Объявление жилья посуточно / агрегаторская квартира, не самостоятельное средство размещения",
2016,Частный дом Deniz,Карабудахкентский район,"Республика Дагестан, Карабудахкентский район","+7 (988) 219-15-15, +7 (928) 876-65-04, +7 (928) 219-15-15",,Гостевой дом,нет,,,,,,none,1,outdated,Агрегаторская или частная квартира / автосгенерированное объявление,
2017,Частный дом Pink House,Избербаш,"Республика Дагестан, Избербаш, посёлок Рыбный, 3Е",+7 (988) 784-55-77,,"Жильё посуточно, Гостиница",нет,,,,,,none,1,outdated,"Объявление жилья посуточно / агрегаторская квартира, не самостоятельное средство размещения",
2018,Частный дом Rouz на Каспии для 6-12 гостей,Дербентский район,"Республика Дагестан, Дербентский район, село Хазар, Садовая улица, 48",+7 (965) 784-45-55,,"Жильё посуточно, Гостиница",нет,,,,,,none,1,outdated,"Объявление жилья посуточно / агрегаторская квартира, не самостоятельное средство размещения",
2019,Частный дом Tur House в Махачкале,Махачкала,"Республика Дагестан, Махачкала, 2-й Гранитный проезд, 24",+7 (980) 111-10-62,,"Жильё посуточно, Гостиница",нет,,,,,,none,1,outdated,"Объявление жилья посуточно / агрегаторская квартира, не самостоятельное средство размещения",
2020,Частный Дом Большой Уютный Дом,Гунибский район,"Республика Дагестан, Гунибский район, село Хоточ",+7 (929) 828-22-16,,"Жильё посуточно, Гостиница",нет,,,,,,none,1,outdated,"Объявление жилья посуточно / агрегаторская квартира, не самостоятельное средство размещения",
2021,Частный дом в Инчхе,Каякентский район,"Республика Дагестан, Каякентский район, сельсовет Новокаякентский, село Инчхе",+7 (989) 884-22-59,,"Жильё посуточно, Гостиница",нет,,,,,,none,1,outdated,"Объявление жилья посуточно / агрегаторская квартира, не самостоятельное средство размещения",
2022,Частный дом в Каспийски,Каспийск,"Республика Дагестан, Каспийск, Западная улица, 1",+7 (968) 393-88-87,,"Жильё посуточно, Гостиница",нет,,,,,,none,1,outdated,"Объявление жилья посуточно / агрегаторская квартира, не самостоятельное средство размещения",
2023,Частный дом в Стором городе в центре Дербента,Дербент,"Республика Дагестан, Дербент, улица 8-й Магал, 3",+7 (964) 000-50-02,,"Жильё посуточно, Гостиница",нет,,,,,,none,1,outdated,"Объявление жилья посуточно / агрегаторская квартира, не самостоятельное средство размещения",
2024,Частный дом в цветущем саду,Каспийск,"Республика Дагестан, Каспийск, улица Котрова, 23",+7 (909) 485-02-41,,"Жильё посуточно, Гостиница",нет,,,,,,none,1,outdated,"Объявление жилья посуточно / агрегаторская квартира, не самостоятельное средство размещения",
2025,Частный дом Дача на Берегу Моря,Дербентский район,"Республика Дагестан, Дербентский район, село Хазар, улица Мира, 3",+7 (938) 200-90-01,,Гостевой дом,нет,,,,,,none,1,outdated,Агрегаторская или частная квартира / автосгенерированное объявление,
2026,Частный Дом Дача Хазар на Мира 33,Дербентский район,"Республика Дагестан, Дербентский район, село Хазар, улица Мира, 35",+7 (964) 000-50-02,,"Жильё посуточно, Гостиница",нет,,,,,,none,1,outdated,"Объявление жилья посуточно / агрегаторская квартира, не самостоятельное средство размещения",
2027,Частный дом Дербент,Дербент,"Республика Дагестан, Дербент, 4-я линия, 1",+7 (968) 063-99-59,,"Жильё посуточно, Гостиница",нет,,,,,,none,1,outdated,"Объявление жилья посуточно / агрегаторская квартира, не самостоятельное средство размещения",
2028,Частный Дом Десятиместный из Сруба на Берегу Каспия,Махачкала,"Республика Дагестан, городской округ Махачкала, микрорайон Караман-7, улица Шейхмагомедова, 7",+7 (909) 479-73-73,,"Жильё посуточно, Гостиница",нет,,,,,,none,1,outdated,"Объявление жилья посуточно / агрегаторская квартира, не самостоятельное средство размещения",
2029,Частный дом Дом возле Золотой рыбки,Дербент,"Республика Дагестан, Дербент, Пилотная улица, 1",+7 (938) 200-90-01,,"Жильё посуточно, Гостиница",нет,,,,,,none,1,outdated,"Объявление жилья посуточно / агрегаторская квартира, не самостоятельное средство размещения",
2030,Частный дом Дом на берегу моря,Махачкала,"Республика Дагестан, городской округ Махачкала, микрорайон Караман-5, 6-я линия, 101",+7 (989) 458-53-55,,"Жильё посуточно, Гостиница",нет,,,,,,none,1,outdated,"Объявление жилья посуточно / агрегаторская квартира, не самостоятельное средство размещения",
2031,Частный дом Домик в Каспийске,Каспийск,"Республика Дагестан, Каспийск, микрорайон Кемпинг, 655",,,Гостиница,нет,,,,,,none,1,outdated,Агрегаторская или частная квартира / автосгенерированное объявление,
2032,Частный дом Домик для отдыха,Избербаш,"Республика Дагестан, Избербаш, улица Буйнакского, 44",,,Гостиница,нет,,,,,,none,1,outdated,Агрегаторская или частная квартира / автосгенерированное объявление,
2033,Частный дом Коттедж на Первой Линии,Махачкала,"Республика Дагестан, городской округ Махачкала, Кировский внутригородской район",+7 (928) 046-79-66,,"База, дом отдыха, Гостиница",нет,,,,,,none,1,outdated,Агрегаторская или частная квартира / автосгенерированное объявление,
2034,Частный Дом на 12 Человек,Дербент,"Республика Дагестан, Дербент, улица Расулбекова, 11",+7 (964) 000-50-02,,"Жильё посуточно, Гостиница",нет,,,,,,none,1,outdated,"Объявление жилья посуточно / агрегаторская квартира, не самостоятельное средство размещения",
2035,Частный Дом на 8 Человек,Дербент,"Республика Дагестан, Дербент, улица 1-й Магал, 42",,,Гостиница,нет,,,,,,none,1,outdated,Агрегаторская или частная квартира / автосгенерированное объявление,
2036,Частный дом на берегу Каспийского моря,Дербент,"Республика Дагестан, Дербент, улица Владимира Ленина, 89/1",+7 (928) 573-57-00,,"Жильё посуточно, Гостиница",нет,,,,,,none,1,outdated,"Объявление жилья посуточно / агрегаторская квартира, не самостоятельное средство размещения",
2037,Частный Дом на Берегу Каспия Приморская 8ч,Дербентский район,"Республика Дагестан, Дербентский район, село Хазар, Приморская улица, 68",+7 (964) 000-50-02,,"База, дом отдыха, Гостиница",нет,,,,,,none,1,outdated,Агрегаторская или частная квартира / автосгенерированное объявление,
2038,Частный дом на берегу моря,Дербентский район,"Республика Дагестан, Дербентский район, село Хазар, 1-я Прикаспийская улица, 11Б",+7 (963) 711-62-16,,"База, дом отдыха",нет,,,,,,none,1,outdated,Агрегаторская или частная квартира / автосгенерированное объявление,
2039,Частный дом на Ленина,Дербент,"Республика Дагестан, Дербент, улица Владимира Ленина, 3",+7 (928) 558-77-02,,"Жильё посуточно, Гостиница",нет,,,,,,none,1,outdated,"Объявление жилья посуточно / агрегаторская квартира, не самостоятельное средство размещения",
2040,Частный Дом Панорама в Хиндахе,Гунибский район,"Республика Дагестан, Гунибский район, село Хиндах, Хиндахская улица, 274",,,"Жильё посуточно, Гостиница",нет,,,,,,none,1,outdated,"Объявление жилья посуточно / агрегаторская квартира, не самостоятельное средство размещения",
2041,Частный Дом Прикаспийская 7,Дербент,"Республика Дагестан, Дербент, Прикаспийская улица, 7",+7 (961) 408-99-99,,"Жильё посуточно, Гостиница",нет,,,,,,none,1,outdated,"Объявление жилья посуточно / агрегаторская квартира, не самостоятельное средство размещения",
2042,Частный дом с цветущим садом,Махачкала,"Республика Дагестан, Махачкала, улица Ахундова, 93",+7 (989) 668-13-33,,"Жильё посуточно, Гостиница",нет,,,,,,none,1,outdated,"Объявление жилья посуточно / агрегаторская квартира, не самостоятельное средство размещения",
2043,Частный дом Со вceми удобствами,Гунибский район,"Республика Дагестан, Гунибский район, село Хиндах",,,"Жильё посуточно, Гостиница",нет,,,,,,none,1,outdated,"Объявление жилья посуточно / агрегаторская квартира, не самостоятельное средство размещения",
2044,Частный дом Трехэтажный Tur House в Каспийске,Каспийск,"Республика Дагестан, Каспийск, улица Котовского, 18",,,"Жильё посуточно, Гостиница",нет,,,,,,none,1,outdated,"Объявление жилья посуточно / агрегаторская квартира, не самостоятельное средство размещения",
2045,Частный Дом у Моря,Махачкала,"Республика Дагестан, Махачкала, микрорайон Караман-7",+7 (928) 046-79-66,,"Жильё посуточно, Гостиница",нет,,,,,,none,1,outdated,"Объявление жилья посуточно / агрегаторская квартира, не самостоятельное средство размещения",
2046,Частный Дом у Моря с 5 Спальными Комнатами на 15 Человек,Дербент,"Республика Дагестан, Дербент, Прикаспийская улица, 47",,,Гостиница,нет,,,,,,none,1,outdated,Агрегаторская или частная квартира / автосгенерированное объявление,
2047,Частный дом у Подножья Горы Тарки,Махачкала,"Республика Дагестан, Махачкала, Липовая улица, 44",+7 (928) 540-10-86,,"Жильё посуточно, Гостиница",нет,,,,,,none,1,outdated,"Объявление жилья посуточно / агрегаторская квартира, не самостоятельное средство размещения",
2048,Частный дом Уютный,Каспийск,"Республика Дагестан, Каспийск, Красноармейская улица, 18",+7 (960) 412-22-77,,"Жильё посуточно, Гостиница",нет,,,,,,none,1,outdated,"Объявление жилья посуточно / агрегаторская квартира, не самостоятельное средство размещения",
